date,state,coalition,prob_majority,pct_05,pct_50,pct_95
2021-03-07,National,afd,0.0,49.0,84.0,125.0
2021-03-07,National,cdu,0.0,230.0,250.0,268.0
2021-03-07,National,cdu_fdp,0.0024,288.0,314.0,338.0
2021-03-07,National,cdu_fdp_gruene,1.0,422.0,452.0,481.0
2021-03-07,National,cdu_gruene,0.9057,361.0,389.0,415.0
2021-03-07,National,cdu_spd,0.7286,352.0,374.0,394.0
2021-03-07,National,fdp,0.0,43.0,63.0,84.0
2021-03-07,National,gruene,0.0,121.0,138.0,156.0
2021-03-07,National,linke,0.0,43.0,62.0,82.0
2021-03-07,National,spd,0.0,108.0,123.0,139.0
2021-03-07,National,spd_fdp_gruene,0.006999999999999999,298.0,325.0,353.0
2021-03-07,National,spd_gruene,0.0,242.0,262.0,282.0
2021-03-07,Baden-Württemberg,afd,,0.0,10.0,26.0
2021-03-07,Baden-Württemberg,cdu,,34.0,36.0,37.0
2021-03-07,Baden-Württemberg,fdp,,7.0,10.0,14.0
2021-03-07,Baden-Württemberg,gruene,,19.0,22.0,25.0
2021-03-07,Baden-Württemberg,linke,,0.0,5.0,10.0
2021-03-07,Baden-Württemberg,spd,,7.0,12.0,16.0
2021-03-07,Bayern,afd,,0.0,12.0,31.0
2021-03-07,Bayern,cdu,,45.0,46.0,46.0
2021-03-07,Bayern,fdp,,5.0,9.0,14.0
2021-03-07,Bayern,gruene,,20.0,23.0,26.0
2021-03-07,Bayern,linke,,0.0,6.0,13.0
2021-03-07,Bayern,spd,,8.0,13.0,19.0
2021-03-07,Berlin,afd,,0.0,3.0,8.0
2021-03-07,Berlin,cdu,,4.0,6.0,8.0
2021-03-07,Berlin,fdp,,1.0,2.0,3.0
2021-03-07,Berlin,gruene,,6.0,7.0,8.0
2021-03-07,Berlin,linke,,4.0,5.0,7.0
2021-03-07,Berlin,spd,,3.0,4.0,6.0
2021-03-07,Brandenburg,afd,,0.0,4.0,8.0
2021-03-07,Brandenburg,cdu,,4.0,9.0,10.0
2021-03-07,Brandenburg,fdp,,0.0,1.0,2.0
2021-03-07,Brandenburg,gruene,,3.0,4.0,4.0
2021-03-07,Brandenburg,linke,,2.0,4.0,5.0
2021-03-07,Brandenburg,spd,,2.0,3.0,4.0
2021-03-07,Bremen,afd,,0.0,0.0,1.0
2021-03-07,Bremen,cdu,,1.0,1.0,2.0
2021-03-07,Bremen,fdp,,0.0,0.0,1.0
2021-03-07,Bremen,gruene,,1.0,1.0,1.0
2021-03-07,Bremen,linke,,0.0,1.0,1.0
2021-03-07,Bremen,spd,,1.0,2.0,2.0
2021-03-07,Hamburg,afd,,0.0,1.0,3.0
2021-03-07,Hamburg,cdu,,3.0,4.0,6.0
2021-03-07,Hamburg,fdp,,1.0,1.0,2.0
2021-03-07,Hamburg,gruene,,3.0,4.0,4.0
2021-03-07,Hamburg,linke,,1.0,2.0,3.0
2021-03-07,Hamburg,spd,,2.0,3.0,6.0
2021-03-07,Hessen,afd,,0.0,5.0,14.0
2021-03-07,Hessen,cdu,,14.0,19.0,21.0
2021-03-07,Hessen,fdp,,3.0,5.0,7.0
2021-03-07,Hessen,gruene,,9.0,10.0,12.0
2021-03-07,Hessen,linke,,1.0,4.0,7.0
2021-03-07,Hessen,spd,,8.0,10.0,13.0
2021-03-07,Mecklenburg-Vorpommern,afd,,0.0,2.0,5.0
2021-03-07,Mecklenburg-Vorpommern,cdu,,4.0,6.0,6.0
2021-03-07,Mecklenburg-Vorpommern,fdp,,0.0,1.0,1.0
2021-03-07,Mecklenburg-Vorpommern,gruene,,2.0,2.0,3.0
2021-03-07,Mecklenburg-Vorpommern,linke,,2.0,2.0,3.0
2021-03-07,Mecklenburg-Vorpommern,spd,,1.0,2.0,2.0
2021-03-07,Niedersachsen,afd,,0.0,5.0,17.0
2021-03-07,Niedersachsen,cdu,,18.0,23.0,28.0
2021-03-07,Niedersachsen,fdp,,3.0,5.0,8.0
2021-03-07,Niedersachsen,gruene,,12.0,14.0,16.0
2021-03-07,Niedersachsen,linke,,0.0,4.0,9.0
2021-03-07,Niedersachsen,spd,,14.0,17.0,21.0
2021-03-07,Nordrhein-Westfalen,afd,,0.0,12.0,37.0
2021-03-07,Nordrhein-Westfalen,cdu,,38.0,48.0,58.0
2021-03-07,Nordrhein-Westfalen,fdp,,12.0,17.0,23.0
2021-03-07,Nordrhein-Westfalen,gruene,,23.0,27.0,32.0
2021-03-07,Nordrhein-Westfalen,linke,,2.0,10.0,19.0
2021-03-07,Nordrhein-Westfalen,spd,,28.0,34.0,41.0
2021-03-07,Rheinland-Pfalz,afd,,0.0,4.0,10.0
2021-03-07,Rheinland-Pfalz,cdu,,12.0,15.0,15.0
2021-03-07,Rheinland-Pfalz,fdp,,2.0,3.0,4.0
2021-03-07,Rheinland-Pfalz,gruene,,5.0,7.0,8.0
2021-03-07,Rheinland-Pfalz,linke,,0.0,2.0,4.0
2021-03-07,Rheinland-Pfalz,spd,,6.0,8.0,9.0
2021-03-07,Saarland,afd,,0.0,1.0,2.0
2021-03-07,Saarland,cdu,,2.0,4.0,4.0
2021-03-07,Saarland,fdp,,0.0,1.0,1.0
2021-03-07,Saarland,gruene,,1.0,1.0,2.0
2021-03-07,Saarland,linke,,1.0,1.0,2.0
2021-03-07,Saarland,spd,,2.0,2.0,3.0
2021-03-07,Sachsen,afd,,3.0,10.0,16.0
2021-03-07,Sachsen,cdu,,7.0,13.0,16.0
2021-03-07,Sachsen,fdp,,1.0,2.0,4.0
2021-03-07,Sachsen,gruene,,5.0,6.0,7.0
2021-03-07,Sachsen,linke,,4.0,6.0,8.0
2021-03-07,Sachsen,spd,,1.0,3.0,4.0
2021-03-07,Sachsen-Anhalt,afd,,0.0,4.0,7.0
2021-03-07,Sachsen-Anhalt,cdu,,5.0,9.0,9.0
2021-03-07,Sachsen-Anhalt,fdp,,0.0,1.0,2.0
2021-03-07,Sachsen-Anhalt,gruene,,2.0,3.0,3.0
2021-03-07,Sachsen-Anhalt,linke,,2.0,3.0,5.0
2021-03-07,Sachsen-Anhalt,spd,,1.0,2.0,3.0
2021-03-07,Schleswig-Holstein,afd,,0.0,2.0,6.0
2021-03-07,Schleswig-Holstein,cdu,,9.0,11.0,11.0
2021-03-07,Schleswig-Holstein,fdp,,2.0,3.0,4.0
2021-03-07,Schleswig-Holstein,gruene,,5.0,6.0,7.0
2021-03-07,Schleswig-Holstein,linke,,0.0,2.0,3.0
2021-03-07,Schleswig-Holstein,spd,,4.0,5.0,7.0
2021-03-07,Thüringen,afd,,1.0,4.0,8.0
2021-03-07,Thüringen,cdu,,4.0,8.0,8.0
2021-03-07,Thüringen,fdp,,0.0,1.0,2.0
2021-03-07,Thüringen,gruene,,2.0,3.0,4.0
2021-03-07,Thüringen,linke,,2.0,3.0,5.0
2021-03-07,Thüringen,spd,,1.0,2.0,3.0
2021-03-08,National,afd,0.0,49.0,84.0,125.0
2021-03-08,National,cdu,0.0,230.0,250.0,268.0
2021-03-08,National,cdu_fdp,0.0023,288.0,314.0,338.0
2021-03-08,National,cdu_fdp_gruene,1.0,422.0,452.0,481.0
2021-03-08,National,cdu_gruene,0.907,362.0,389.0,415.0
2021-03-08,National,cdu_spd,0.7318,352.0,374.0,394.0
2021-03-08,National,fdp,0.0,43.0,63.0,84.0
2021-03-08,National,gruene,0.0,121.0,138.0,156.0
2021-03-08,National,linke,0.0,43.0,62.0,82.0
2021-03-08,National,spd,0.0,108.0,123.0,139.0
2021-03-08,National,spd_fdp_gruene,0.006999999999999999,298.0,325.0,353.0
2021-03-08,National,spd_gruene,0.0,242.0,262.0,282.0
2021-03-08,Baden-Württemberg,afd,,0.0,10.0,26.0
2021-03-08,Baden-Württemberg,cdu,,34.0,36.0,37.0
2021-03-08,Baden-Württemberg,fdp,,7.0,10.0,14.0
2021-03-08,Baden-Württemberg,gruene,,19.0,22.0,25.0
2021-03-08,Baden-Württemberg,linke,,0.0,5.0,10.0
2021-03-08,Baden-Württemberg,spd,,7.0,12.0,16.0
2021-03-08,Bayern,afd,,0.0,12.0,31.0
2021-03-08,Bayern,cdu,,45.0,46.0,46.0
2021-03-08,Bayern,fdp,,5.0,9.0,14.0
2021-03-08,Bayern,gruene,,20.0,23.0,26.0
2021-03-08,Bayern,linke,,0.0,6.0,13.0
2021-03-08,Bayern,spd,,8.0,13.0,19.0
2021-03-08,Berlin,afd,,0.0,3.0,8.0
2021-03-08,Berlin,cdu,,4.0,6.0,8.0
2021-03-08,Berlin,fdp,,1.0,2.0,3.0
2021-03-08,Berlin,gruene,,6.0,7.0,8.0
2021-03-08,Berlin,linke,,4.0,5.0,7.0
2021-03-08,Berlin,spd,,3.0,4.0,6.0
2021-03-08,Brandenburg,afd,,0.0,4.0,8.0
2021-03-08,Brandenburg,cdu,,4.0,9.0,10.0
2021-03-08,Brandenburg,fdp,,0.0,1.0,2.0
2021-03-08,Brandenburg,gruene,,3.0,4.0,4.0
2021-03-08,Brandenburg,linke,,2.0,4.0,5.0
2021-03-08,Brandenburg,spd,,2.0,3.0,4.0
2021-03-08,Bremen,afd,,0.0,0.0,1.0
2021-03-08,Bremen,cdu,,1.0,1.0,2.0
2021-03-08,Bremen,fdp,,0.0,0.0,1.0
2021-03-08,Bremen,gruene,,1.0,1.0,1.0
2021-03-08,Bremen,linke,,0.0,1.0,1.0
2021-03-08,Bremen,spd,,1.0,2.0,2.0
2021-03-08,Hamburg,afd,,0.0,1.0,3.0
2021-03-08,Hamburg,cdu,,3.0,4.0,6.0
2021-03-08,Hamburg,fdp,,1.0,1.0,2.0
2021-03-08,Hamburg,gruene,,3.0,4.0,4.0
2021-03-08,Hamburg,linke,,1.0,2.0,3.0
2021-03-08,Hamburg,spd,,2.0,3.0,6.0
2021-03-08,Hessen,afd,,0.0,5.0,14.0
2021-03-08,Hessen,cdu,,14.0,19.0,21.0
2021-03-08,Hessen,fdp,,3.0,5.0,7.0
2021-03-08,Hessen,gruene,,9.0,10.0,12.0
2021-03-08,Hessen,linke,,1.0,4.0,7.0
2021-03-08,Hessen,spd,,8.0,10.0,13.0
2021-03-08,Mecklenburg-Vorpommern,afd,,0.0,2.0,5.0
2021-03-08,Mecklenburg-Vorpommern,cdu,,4.0,6.0,6.0
2021-03-08,Mecklenburg-Vorpommern,fdp,,0.0,1.0,1.0
2021-03-08,Mecklenburg-Vorpommern,gruene,,2.0,2.0,3.0
2021-03-08,Mecklenburg-Vorpommern,linke,,2.0,2.0,3.0
2021-03-08,Mecklenburg-Vorpommern,spd,,1.0,2.0,2.0
2021-03-08,Niedersachsen,afd,,0.0,5.0,17.0
2021-03-08,Niedersachsen,cdu,,18.0,23.0,28.0
2021-03-08,Niedersachsen,fdp,,3.0,5.0,8.0
2021-03-08,Niedersachsen,gruene,,12.0,14.0,16.0
2021-03-08,Niedersachsen,linke,,0.0,4.0,9.0
2021-03-08,Niedersachsen,spd,,14.0,17.0,21.0
2021-03-08,Nordrhein-Westfalen,afd,,0.0,12.0,37.0
2021-03-08,Nordrhein-Westfalen,cdu,,38.0,48.0,58.0
2021-03-08,Nordrhein-Westfalen,fdp,,12.0,17.0,23.0
2021-03-08,Nordrhein-Westfalen,gruene,,23.0,27.0,32.0
2021-03-08,Nordrhein-Westfalen,linke,,2.0,10.0,19.0
2021-03-08,Nordrhein-Westfalen,spd,,28.0,34.0,41.0
2021-03-08,Rheinland-Pfalz,afd,,0.0,3.0,10.0
2021-03-08,Rheinland-Pfalz,cdu,,12.0,15.0,15.0
2021-03-08,Rheinland-Pfalz,fdp,,2.0,3.0,4.0
2021-03-08,Rheinland-Pfalz,gruene,,5.0,7.0,8.0
2021-03-08,Rheinland-Pfalz,linke,,0.0,2.0,4.0
2021-03-08,Rheinland-Pfalz,spd,,6.0,8.0,9.0
2021-03-08,Saarland,afd,,0.0,1.0,2.0
2021-03-08,Saarland,cdu,,2.0,4.0,4.0
2021-03-08,Saarland,fdp,,0.0,1.0,1.0
2021-03-08,Saarland,gruene,,1.0,1.0,2.0
2021-03-08,Saarland,linke,,1.0,1.0,2.0
2021-03-08,Saarland,spd,,2.0,2.0,3.0
2021-03-08,Sachsen,afd,,3.0,10.0,16.0
2021-03-08,Sachsen,cdu,,7.0,13.0,16.0
2021-03-08,Sachsen,fdp,,1.0,2.0,4.0
2021-03-08,Sachsen,gruene,,5.0,6.0,7.0
2021-03-08,Sachsen,linke,,4.0,6.0,8.0
2021-03-08,Sachsen,spd,,1.0,3.0,4.0
2021-03-08,Sachsen-Anhalt,afd,,0.0,4.0,7.0
2021-03-08,Sachsen-Anhalt,cdu,,5.0,9.0,9.0
2021-03-08,Sachsen-Anhalt,fdp,,0.0,1.0,2.0
2021-03-08,Sachsen-Anhalt,gruene,,2.0,3.0,3.0
2021-03-08,Sachsen-Anhalt,linke,,2.0,3.0,5.0
2021-03-08,Sachsen-Anhalt,spd,,1.0,2.0,3.0
2021-03-08,Schleswig-Holstein,afd,,0.0,2.0,6.0
2021-03-08,Schleswig-Holstein,cdu,,9.0,11.0,11.0
2021-03-08,Schleswig-Holstein,fdp,,2.0,3.0,4.0
2021-03-08,Schleswig-Holstein,gruene,,5.0,6.0,7.0
2021-03-08,Schleswig-Holstein,linke,,0.0,2.0,3.0
2021-03-08,Schleswig-Holstein,spd,,4.0,5.0,7.0
2021-03-08,Thüringen,afd,,1.0,4.0,8.0
2021-03-08,Thüringen,cdu,,4.0,8.0,8.0
2021-03-08,Thüringen,fdp,,0.0,1.0,2.0
2021-03-08,Thüringen,gruene,,2.0,3.0,4.0
2021-03-08,Thüringen,linke,,2.0,3.0,5.0
2021-03-08,Thüringen,spd,,1.0,2.0,3.0
2021-03-09,National,afd,0.0,52.0,87.0,130.0
2021-03-09,National,cdu,0.0,216.0,244.0,268.0
2021-03-09,National,cdu_fdp,0.0014,288.0,314.0,338.0
2021-03-09,National,cdu_fdp_gruene,1.0,417.0,449.0,479.0
2021-03-09,National,cdu_gruene,0.6871,342.0,379.0,413.0
2021-03-09,National,cdu_spd,0.5927,345.0,371.0,392.0
2021-03-09,National,fdp,0.0,45.0,70.0,96.0
2021-03-09,National,gruene,0.0,118.0,135.0,153.0
2021-03-09,National,linke,0.0,46.0,65.0,87.0
2021-03-09,National,spd,0.0,110.0,127.0,144.0
2021-03-09,National,spd_fdp_gruene,0.0119,301.0,332.0,365.0
2021-03-09,National,spd_gruene,0.0,243.0,262.0,281.0
2021-03-09,Baden-Württemberg,afd,,0.0,10.0,26.0
2021-03-09,Baden-Württemberg,cdu,,33.0,36.0,37.0
2021-03-09,Baden-Württemberg,fdp,,7.0,11.0,15.0
2021-03-09,Baden-Württemberg,gruene,,19.0,22.0,25.0
2021-03-09,Baden-Württemberg,linke,,0.0,6.0,11.0
2021-03-09,Baden-Württemberg,spd,,8.0,12.0,17.0
2021-03-09,Bayern,afd,,0.0,13.0,32.0
2021-03-09,Bayern,cdu,,44.0,46.0,46.0
2021-03-09,Bayern,fdp,,6.0,10.0,15.0
2021-03-09,Bayern,gruene,,19.0,22.0,26.0
2021-03-09,Bayern,linke,,0.0,7.0,13.0
2021-03-09,Bayern,spd,,8.0,14.0,19.0
2021-03-09,Berlin,afd,,0.0,3.0,8.0
2021-03-09,Berlin,cdu,,4.0,6.0,8.0
2021-03-09,Berlin,fdp,,1.0,2.0,4.0
2021-03-09,Berlin,gruene,,6.0,7.0,8.0
2021-03-09,Berlin,linke,,4.0,5.0,7.0
2021-03-09,Berlin,spd,,3.0,4.0,6.0
2021-03-09,Brandenburg,afd,,1.0,4.0,9.0
2021-03-09,Brandenburg,cdu,,4.0,9.0,10.0
2021-03-09,Brandenburg,fdp,,0.0,1.0,2.0
2021-03-09,Brandenburg,gruene,,3.0,3.0,4.0
2021-03-09,Brandenburg,linke,,3.0,4.0,5.0
2021-03-09,Brandenburg,spd,,2.0,3.0,5.0
2021-03-09,Bremen,afd,,0.0,0.0,1.0
2021-03-09,Bremen,cdu,,1.0,1.0,2.0
2021-03-09,Bremen,fdp,,0.0,0.0,1.0
2021-03-09,Bremen,gruene,,1.0,1.0,1.0
2021-03-09,Bremen,linke,,0.0,1.0,1.0
2021-03-09,Bremen,spd,,1.0,2.0,2.0
2021-03-09,Hamburg,afd,,0.0,1.0,3.0
2021-03-09,Hamburg,cdu,,2.0,3.0,6.0
2021-03-09,Hamburg,fdp,,1.0,1.0,2.0
2021-03-09,Hamburg,gruene,,3.0,4.0,4.0
2021-03-09,Hamburg,linke,,1.0,2.0,3.0
2021-03-09,Hamburg,spd,,2.0,4.0,6.0
2021-03-09,Hessen,afd,,0.0,6.0,14.0
2021-03-09,Hessen,cdu,,12.0,18.0,21.0
2021-03-09,Hessen,fdp,,3.0,5.0,8.0
2021-03-09,Hessen,gruene,,9.0,10.0,12.0
2021-03-09,Hessen,linke,,1.0,4.0,7.0
2021-03-09,Hessen,spd,,8.0,11.0,13.0
2021-03-09,Mecklenburg-Vorpommern,afd,,0.0,3.0,5.0
2021-03-09,Mecklenburg-Vorpommern,cdu,,3.0,6.0,6.0
2021-03-09,Mecklenburg-Vorpommern,fdp,,0.0,1.0,1.0
2021-03-09,Mecklenburg-Vorpommern,gruene,,2.0,2.0,2.0
2021-03-09,Mecklenburg-Vorpommern,linke,,2.0,3.0,4.0
2021-03-09,Mecklenburg-Vorpommern,spd,,1.0,2.0,2.0
2021-03-09,Niedersachsen,afd,,0.0,6.0,17.0
2021-03-09,Niedersachsen,cdu,,17.0,22.0,27.0
2021-03-09,Niedersachsen,fdp,,3.0,6.0,9.0
2021-03-09,Niedersachsen,gruene,,11.0,13.0,16.0
2021-03-09,Niedersachsen,linke,,1.0,5.0,9.0
2021-03-09,Niedersachsen,spd,,14.0,18.0,21.0
2021-03-09,Nordrhein-Westfalen,afd,,0.0,13.0,38.0
2021-03-09,Nordrhein-Westfalen,cdu,,35.0,45.0,57.0
2021-03-09,Nordrhein-Westfalen,fdp,,12.0,19.0,25.0
2021-03-09,Nordrhein-Westfalen,gruene,,22.0,26.0,31.0
2021-03-09,Nordrhein-Westfalen,linke,,2.0,11.0,20.0
2021-03-09,Nordrhein-Westfalen,spd,,28.0,35.0,42.0
2021-03-09,Rheinland-Pfalz,afd,,0.0,4.0,10.0
2021-03-09,Rheinland-Pfalz,cdu,,11.0,14.0,15.0
2021-03-09,Rheinland-Pfalz,fdp,,2.0,3.0,5.0
2021-03-09,Rheinland-Pfalz,gruene,,5.0,6.0,8.0
2021-03-09,Rheinland-Pfalz,linke,,0.0,2.0,5.0
2021-03-09,Rheinland-Pfalz,spd,,6.0,8.0,10.0
2021-03-09,Saarland,afd,,0.0,1.0,2.0
2021-03-09,Saarland,cdu,,2.0,3.0,4.0
2021-03-09,Saarland,fdp,,0.0,1.0,1.0
2021-03-09,Saarland,gruene,,1.0,1.0,2.0
2021-03-09,Saarland,linke,,1.0,1.0,2.0
2021-03-09,Saarland,spd,,2.0,2.0,3.0
2021-03-09,Sachsen,afd,,4.0,10.0,17.0
2021-03-09,Sachsen,cdu,,7.0,12.0,16.0
2021-03-09,Sachsen,fdp,,1.0,3.0,4.0
2021-03-09,Sachsen,gruene,,4.0,5.0,7.0
2021-03-09,Sachsen,linke,,4.0,6.0,9.0
2021-03-09,Sachsen,spd,,1.0,3.0,5.0
2021-03-09,Sachsen-Anhalt,afd,,0.0,4.0,7.0
2021-03-09,Sachsen-Anhalt,cdu,,4.0,8.0,9.0
2021-03-09,Sachsen-Anhalt,fdp,,0.0,1.0,2.0
2021-03-09,Sachsen-Anhalt,gruene,,2.0,3.0,3.0
2021-03-09,Sachsen-Anhalt,linke,,2.0,3.0,5.0
2021-03-09,Sachsen-Anhalt,spd,,1.0,2.0,3.0
2021-03-09,Schleswig-Holstein,afd,,0.0,2.0,6.0
2021-03-09,Schleswig-Holstein,cdu,,9.0,11.0,11.0
2021-03-09,Schleswig-Holstein,fdp,,2.0,3.0,4.0
2021-03-09,Schleswig-Holstein,gruene,,5.0,6.0,7.0
2021-03-09,Schleswig-Holstein,linke,,0.0,2.0,3.0
2021-03-09,Schleswig-Holstein,spd,,4.0,5.0,7.0
2021-03-09,Thüringen,afd,,1.0,4.0,8.0
2021-03-09,Thüringen,cdu,,4.0,7.0,8.0
2021-03-09,Thüringen,fdp,,1.0,1.0,2.0
2021-03-09,Thüringen,gruene,,2.0,3.0,3.0
2021-03-09,Thüringen,linke,,2.0,3.0,5.0
2021-03-09,Thüringen,spd,,1.0,2.0,3.0
2021-03-10,National,afd,0.0,51.0,86.0,128.0
2021-03-10,National,cdu,0.0,220.0,246.0,268.0
2021-03-10,National,cdu_fdp,0.0023,288.0,313.0,337.0
2021-03-10,National,cdu_fdp_gruene,1.0,418.0,449.0,479.0
2021-03-10,National,cdu_gruene,0.7404,347.0,381.0,412.0
2021-03-10,National,cdu_spd,0.6303,347.0,371.0,393.0
2021-03-10,National,fdp,0.0,45.0,68.0,93.0
2021-03-10,National,gruene,0.0,119.0,135.0,152.0
2021-03-10,National,linke,0.0,45.0,65.0,86.0
2021-03-10,National,spd,0.0,109.0,126.0,142.0
2021-03-10,National,spd_fdp_gruene,0.0083,299.0,329.0,361.0
2021-03-10,National,spd_gruene,0.0,243.0,261.0,280.0
2021-03-10,Baden-Württemberg,afd,,0.0,10.0,26.0
2021-03-10,Baden-Württemberg,cdu,,33.0,36.0,37.0
2021-03-10,Baden-Württemberg,fdp,,7.0,11.0,15.0
2021-03-10,Baden-Württemberg,gruene,,19.0,22.0,25.0
2021-03-10,Baden-Württemberg,linke,,0.0,6.0,11.0
2021-03-10,Baden-Württemberg,spd,,8.0,12.0,17.0
2021-03-10,Bayern,afd,,0.0,12.0,32.0
2021-03-10,Bayern,cdu,,44.0,46.0,46.0
2021-03-10,Bayern,fdp,,6.0,10.0,15.0
2021-03-10,Bayern,gruene,,19.0,22.0,26.0
2021-03-10,Bayern,linke,,0.0,7.0,13.0
2021-03-10,Bayern,spd,,8.0,14.0,19.0
2021-03-10,Berlin,afd,,0.0,3.0,8.0
2021-03-10,Berlin,cdu,,4.0,6.0,8.0
2021-03-10,Berlin,fdp,,1.0,2.0,3.0
2021-03-10,Berlin,gruene,,6.0,7.0,8.0
2021-03-10,Berlin,linke,,4.0,5.0,7.0
2021-03-10,Berlin,spd,,3.0,4.0,6.0
2021-03-10,Brandenburg,afd,,1.0,4.0,8.0
2021-03-10,Brandenburg,cdu,,4.0,9.0,10.0
2021-03-10,Brandenburg,fdp,,0.0,1.0,2.0
2021-03-10,Brandenburg,gruene,,3.0,3.0,4.0
2021-03-10,Brandenburg,linke,,3.0,4.0,5.0
2021-03-10,Brandenburg,spd,,2.0,3.0,4.0
2021-03-10,Bremen,afd,,0.0,0.0,1.0
2021-03-10,Bremen,cdu,,1.0,1.0,2.0
2021-03-10,Bremen,fdp,,0.0,0.0,1.0
2021-03-10,Bremen,gruene,,1.0,1.0,1.0
2021-03-10,Bremen,linke,,0.0,1.0,1.0
2021-03-10,Bremen,spd,,1.0,2.0,2.0
2021-03-10,Hamburg,afd,,0.0,1.0,3.0
2021-03-10,Hamburg,cdu,,2.0,3.0,6.0
2021-03-10,Hamburg,fdp,,1.0,1.0,2.0
2021-03-10,Hamburg,gruene,,3.0,4.0,4.0
2021-03-10,Hamburg,linke,,1.0,2.0,3.0
2021-03-10,Hamburg,spd,,2.0,3.0,6.0
2021-03-10,Hessen,afd,,0.0,6.0,14.0
2021-03-10,Hessen,cdu,,13.0,18.0,21.0
2021-03-10,Hessen,fdp,,3.0,5.0,7.0
2021-03-10,Hessen,gruene,,9.0,10.0,12.0
2021-03-10,Hessen,linke,,1.0,4.0,7.0
2021-03-10,Hessen,spd,,8.0,11.0,13.0
2021-03-10,Mecklenburg-Vorpommern,afd,,0.0,3.0,5.0
2021-03-10,Mecklenburg-Vorpommern,cdu,,3.0,6.0,6.0
2021-03-10,Mecklenburg-Vorpommern,fdp,,0.0,1.0,1.0
2021-03-10,Mecklenburg-Vorpommern,gruene,,2.0,2.0,2.0
2021-03-10,Mecklenburg-Vorpommern,linke,,2.0,3.0,3.0
2021-03-10,Mecklenburg-Vorpommern,spd,,1.0,2.0,2.0
2021-03-10,Niedersachsen,afd,,0.0,5.0,17.0
2021-03-10,Niedersachsen,cdu,,17.0,22.0,27.0
2021-03-10,Niedersachsen,fdp,,3.0,6.0,9.0
2021-03-10,Niedersachsen,gruene,,11.0,13.0,15.0
2021-03-10,Niedersachsen,linke,,1.0,5.0,9.0
2021-03-10,Niedersachsen,spd,,14.0,17.0,21.0
2021-03-10,Nordrhein-Westfalen,afd,,0.0,12.0,38.0
2021-03-10,Nordrhein-Westfalen,cdu,,36.0,46.0,58.0
2021-03-10,Nordrhein-Westfalen,fdp,,12.0,18.0,24.0
2021-03-10,Nordrhein-Westfalen,gruene,,22.0,26.0,31.0
2021-03-10,Nordrhein-Westfalen,linke,,2.0,11.0,20.0
2021-03-10,Nordrhein-Westfalen,spd,,28.0,35.0,42.0
2021-03-10,Rheinland-Pfalz,afd,,0.0,4.0,10.0
2021-03-10,Rheinland-Pfalz,cdu,,12.0,14.0,15.0
2021-03-10,Rheinland-Pfalz,fdp,,2.0,3.0,5.0
2021-03-10,Rheinland-Pfalz,gruene,,5.0,6.0,8.0
2021-03-10,Rheinland-Pfalz,linke,,0.0,2.0,4.0
2021-03-10,Rheinland-Pfalz,spd,,6.0,8.0,10.0
2021-03-10,Saarland,afd,,0.0,1.0,2.0
2021-03-10,Saarland,cdu,,2.0,4.0,4.0
2021-03-10,Saarland,fdp,,0.0,1.0,1.0
2021-03-10,Saarland,gruene,,1.0,1.0,2.0
2021-03-10,Saarland,linke,,1.0,1.0,2.0
2021-03-10,Saarland,spd,,2.0,2.0,3.0
2021-03-10,Sachsen,afd,,4.0,10.0,16.0
2021-03-10,Sachsen,cdu,,7.0,12.0,16.0
2021-03-10,Sachsen,fdp,,1.0,3.0,4.0
2021-03-10,Sachsen,gruene,,4.0,6.0,7.0
2021-03-10,Sachsen,linke,,4.0,6.0,9.0
2021-03-10,Sachsen,spd,,1.0,3.0,5.0
2021-03-10,Sachsen-Anhalt,afd,,0.0,4.0,7.0
2021-03-10,Sachsen-Anhalt,cdu,,5.0,8.0,9.0
2021-03-10,Sachsen-Anhalt,fdp,,0.0,1.0,2.0
2021-03-10,Sachsen-Anhalt,gruene,,2.0,3.0,3.0
2021-03-10,Sachsen-Anhalt,linke,,2.0,3.0,5.0
2021-03-10,Sachsen-Anhalt,spd,,1.0,2.0,3.0
2021-03-10,Schleswig-Holstein,afd,,0.0,2.0,6.0
2021-03-10,Schleswig-Holstein,cdu,,9.0,11.0,11.0
2021-03-10,Schleswig-Holstein,fdp,,2.0,3.0,4.0
2021-03-10,Schleswig-Holstein,gruene,,5.0,6.0,7.0
2021-03-10,Schleswig-Holstein,linke,,0.0,2.0,3.0
2021-03-10,Schleswig-Holstein,spd,,4.0,5.0,7.0
2021-03-10,Thüringen,afd,,1.0,4.0,8.0
2021-03-10,Thüringen,cdu,,4.0,7.0,8.0
2021-03-10,Thüringen,fdp,,1.0,1.0,2.0
2021-03-10,Thüringen,gruene,,2.0,3.0,3.0
2021-03-10,Thüringen,linke,,2.0,3.0,5.0
2021-03-10,Thüringen,spd,,1.0,2.0,3.0
2021-03-11,National,afd,0.0,51.0,86.0,128.0
2021-03-11,National,cdu,0.0,222.0,246.0,268.0
2021-03-11,National,cdu_fdp,0.0024,288.0,313.0,337.0
2021-03-11,National,cdu_fdp_gruene,1.0,418.0,449.0,479.0
2021-03-11,National,cdu_gruene,0.7498,348.0,381.0,412.0
2021-03-11,National,cdu_spd,0.6361,347.0,371.0,393.0
2021-03-11,National,fdp,0.0,45.0,68.0,92.0
2021-03-11,National,gruene,0.0,120.0,136.0,152.0
2021-03-11,National,linke,0.0,45.0,65.0,86.0
2021-03-11,National,spd,0.0,109.0,125.0,142.0
2021-03-11,National,spd_fdp_gruene,0.0074,299.0,329.0,361.0
2021-03-11,National,spd_gruene,0.0,243.0,261.0,280.0
2021-03-11,Baden-Württemberg,afd,,0.0,10.0,26.0
2021-03-11,Baden-Württemberg,cdu,,33.0,36.0,37.0
2021-03-11,Baden-Württemberg,fdp,,7.0,11.0,15.0
2021-03-11,Baden-Württemberg,gruene,,19.0,22.0,25.0
2021-03-11,Baden-Württemberg,linke,,0.0,5.0,11.0
2021-03-11,Baden-Württemberg,spd,,8.0,12.0,17.0
2021-03-11,Bayern,afd,,0.0,12.0,32.0
2021-03-11,Bayern,cdu,,44.0,46.0,46.0
2021-03-11,Bayern,fdp,,6.0,10.0,15.0
2021-03-11,Bayern,gruene,,19.0,22.0,26.0
2021-03-11,Bayern,linke,,0.0,7.0,13.0
2021-03-11,Bayern,spd,,8.0,14.0,19.0
2021-03-11,Berlin,afd,,0.0,3.0,8.0
2021-03-11,Berlin,cdu,,4.0,6.0,8.0
2021-03-11,Berlin,fdp,,1.0,2.0,3.0
2021-03-11,Berlin,gruene,,6.0,7.0,8.0
2021-03-11,Berlin,linke,,4.0,5.0,7.0
2021-03-11,Berlin,spd,,3.0,4.0,6.0
2021-03-11,Brandenburg,afd,,1.0,4.0,8.0
2021-03-11,Brandenburg,cdu,,4.0,9.0,10.0
2021-03-11,Brandenburg,fdp,,0.0,1.0,2.0
2021-03-11,Brandenburg,gruene,,3.0,3.0,4.0
2021-03-11,Brandenburg,linke,,3.0,4.0,5.0
2021-03-11,Brandenburg,spd,,2.0,3.0,4.0
2021-03-11,Bremen,afd,,0.0,0.0,1.0
2021-03-11,Bremen,cdu,,1.0,1.0,2.0
2021-03-11,Bremen,fdp,,0.0,0.0,1.0
2021-03-11,Bremen,gruene,,1.0,1.0,1.0
2021-03-11,Bremen,linke,,0.0,1.0,1.0
2021-03-11,Bremen,spd,,1.0,2.0,2.0
2021-03-11,Hamburg,afd,,0.0,1.0,3.0
2021-03-11,Hamburg,cdu,,3.0,3.0,6.0
2021-03-11,Hamburg,fdp,,1.0,1.0,2.0
2021-03-11,Hamburg,gruene,,3.0,4.0,4.0
2021-03-11,Hamburg,linke,,1.0,2.0,3.0
2021-03-11,Hamburg,spd,,2.0,3.0,6.0
2021-03-11,Hessen,afd,,0.0,6.0,14.0
2021-03-11,Hessen,cdu,,13.0,18.0,21.0
2021-03-11,Hessen,fdp,,3.0,5.0,7.0
2021-03-11,Hessen,gruene,,9.0,10.0,12.0
2021-03-11,Hessen,linke,,1.0,4.0,7.0
2021-03-11,Hessen,spd,,8.0,11.0,13.0
2021-03-11,Mecklenburg-Vorpommern,afd,,0.0,3.0,5.0
2021-03-11,Mecklenburg-Vorpommern,cdu,,3.0,6.0,6.0
2021-03-11,Mecklenburg-Vorpommern,fdp,,0.0,1.0,1.0
2021-03-11,Mecklenburg-Vorpommern,gruene,,2.0,2.0,2.0
2021-03-11,Mecklenburg-Vorpommern,linke,,2.0,3.0,3.0
2021-03-11,Mecklenburg-Vorpommern,spd,,1.0,2.0,2.0
2021-03-11,Niedersachsen,afd,,0.0,5.0,17.0
2021-03-11,Niedersachsen,cdu,,17.0,22.0,27.0
2021-03-11,Niedersachsen,fdp,,3.0,6.0,9.0
2021-03-11,Niedersachsen,gruene,,11.0,13.0,15.0
2021-03-11,Niedersachsen,linke,,1.0,5.0,9.0
2021-03-11,Niedersachsen,spd,,14.0,17.0,21.0
2021-03-11,Nordrhein-Westfalen,afd,,0.0,12.0,38.0
2021-03-11,Nordrhein-Westfalen,cdu,,36.0,46.0,58.0
2021-03-11,Nordrhein-Westfalen,fdp,,12.0,18.0,24.0
2021-03-11,Nordrhein-Westfalen,gruene,,22.0,26.0,31.0
2021-03-11,Nordrhein-Westfalen,linke,,2.0,11.0,20.0
2021-03-11,Nordrhein-Westfalen,spd,,28.0,35.0,42.0
2021-03-11,Rheinland-Pfalz,afd,,0.0,4.0,10.0
2021-03-11,Rheinland-Pfalz,cdu,,12.0,14.0,15.0
2021-03-11,Rheinland-Pfalz,fdp,,2.0,3.0,5.0
2021-03-11,Rheinland-Pfalz,gruene,,5.0,6.0,8.0
2021-03-11,Rheinland-Pfalz,linke,,0.0,2.0,4.0
2021-03-11,Rheinland-Pfalz,spd,,6.0,8.0,10.0
2021-03-11,Saarland,afd,,0.0,1.0,2.0
2021-03-11,Saarland,cdu,,2.0,4.0,4.0
2021-03-11,Saarland,fdp,,0.0,1.0,1.0
2021-03-11,Saarland,gruene,,1.0,1.0,2.0
2021-03-11,Saarland,linke,,1.0,1.0,2.0
2021-03-11,Saarland,spd,,2.0,2.0,3.0
2021-03-11,Sachsen,afd,,4.0,10.0,16.0
2021-03-11,Sachsen,cdu,,7.0,12.0,16.0
2021-03-11,Sachsen,fdp,,1.0,3.0,4.0
2021-03-11,Sachsen,gruene,,4.0,6.0,7.0
2021-03-11,Sachsen,linke,,4.0,6.0,8.0
2021-03-11,Sachsen,spd,,1.0,3.0,5.0
2021-03-11,Sachsen-Anhalt,afd,,0.0,4.0,7.0
2021-03-11,Sachsen-Anhalt,cdu,,5.0,8.0,9.0
2021-03-11,Sachsen-Anhalt,fdp,,0.0,1.0,2.0
2021-03-11,Sachsen-Anhalt,gruene,,2.0,3.0,3.0
2021-03-11,Sachsen-Anhalt,linke,,2.0,3.0,5.0
2021-03-11,Sachsen-Anhalt,spd,,1.0,2.0,3.0
2021-03-11,Schleswig-Holstein,afd,,0.0,2.0,6.0
2021-03-11,Schleswig-Holstein,cdu,,9.0,11.0,11.0
2021-03-11,Schleswig-Holstein,fdp,,2.0,3.0,4.0
2021-03-11,Schleswig-Holstein,gruene,,5.0,6.0,7.0
2021-03-11,Schleswig-Holstein,linke,,0.0,2.0,3.0
2021-03-11,Schleswig-Holstein,spd,,4.0,5.0,7.0
2021-03-11,Thüringen,afd,,1.0,4.0,8.0
2021-03-11,Thüringen,cdu,,4.0,8.0,8.0
2021-03-11,Thüringen,fdp,,1.0,1.0,2.0
2021-03-11,Thüringen,gruene,,2.0,3.0,3.0
2021-03-11,Thüringen,linke,,2.0,3.0,5.0
2021-03-11,Thüringen,spd,,1.0,2.0,3.0
2021-03-12,National,afd,0.0,51.0,86.0,128.0
2021-03-12,National,cdu,0.0,222.0,246.0,268.0
2021-03-12,National,cdu_fdp,0.0012,288.0,314.0,337.0
2021-03-12,National,cdu_fdp_gruene,1.0,419.0,449.0,478.0
2021-03-12,National,cdu_gruene,0.7603,349.0,382.0,413.0
2021-03-12,National,cdu_spd,0.644,348.0,372.0,393.0
2021-03-12,National,fdp,0.0,45.0,68.0,92.0
2021-03-12,National,gruene,0.0,120.0,136.0,152.0
2021-03-12,National,linke,0.0,46.0,64.0,85.0
2021-03-12,National,spd,0.0,109.0,125.0,142.0
2021-03-12,National,spd_fdp_gruene,0.0096,299.0,329.0,360.0
2021-03-12,National,spd_gruene,0.0,243.0,261.0,280.0
2021-03-12,Baden-Württemberg,afd,,0.0,10.0,26.0
2021-03-12,Baden-Württemberg,cdu,,33.0,36.0,37.0
2021-03-12,Baden-Württemberg,fdp,,7.0,11.0,15.0
2021-03-12,Baden-Württemberg,gruene,,19.0,22.0,25.0
2021-03-12,Baden-Württemberg,linke,,0.0,5.0,11.0
2021-03-12,Baden-Württemberg,spd,,8.0,12.0,17.0
2021-03-12,Bayern,afd,,0.0,12.0,32.0
2021-03-12,Bayern,cdu,,45.0,46.0,46.0
2021-03-12,Bayern,fdp,,6.0,10.0,15.0
2021-03-12,Bayern,gruene,,19.0,22.0,26.0
2021-03-12,Bayern,linke,,0.0,6.0,13.0
2021-03-12,Bayern,spd,,8.0,14.0,19.0
2021-03-12,Berlin,afd,,0.0,3.0,8.0
2021-03-12,Berlin,cdu,,4.0,6.0,8.0
2021-03-12,Berlin,fdp,,1.0,2.0,3.0
2021-03-12,Berlin,gruene,,6.0,7.0,8.0
2021-03-12,Berlin,linke,,4.0,5.0,7.0
2021-03-12,Berlin,spd,,3.0,4.0,6.0
2021-03-12,Brandenburg,afd,,1.0,4.0,8.0
2021-03-12,Brandenburg,cdu,,4.0,9.0,10.0
2021-03-12,Brandenburg,fdp,,0.0,1.0,2.0
2021-03-12,Brandenburg,gruene,,3.0,3.0,4.0
2021-03-12,Brandenburg,linke,,3.0,4.0,5.0
2021-03-12,Brandenburg,spd,,2.0,3.0,4.0
2021-03-12,Bremen,afd,,0.0,0.0,1.0
2021-03-12,Bremen,cdu,,1.0,1.0,2.0
2021-03-12,Bremen,fdp,,0.0,0.0,1.0
2021-03-12,Bremen,gruene,,1.0,1.0,1.0
2021-03-12,Bremen,linke,,0.0,1.0,1.0
2021-03-12,Bremen,spd,,1.0,2.0,2.0
2021-03-12,Hamburg,afd,,0.0,1.0,3.0
2021-03-12,Hamburg,cdu,,3.0,3.0,6.0
2021-03-12,Hamburg,fdp,,1.0,1.0,2.0
2021-03-12,Hamburg,gruene,,3.0,4.0,4.0
2021-03-12,Hamburg,linke,,1.0,2.0,3.0
2021-03-12,Hamburg,spd,,2.0,3.0,6.0
2021-03-12,Hessen,afd,,0.0,6.0,14.0
2021-03-12,Hessen,cdu,,13.0,18.0,21.0
2021-03-12,Hessen,fdp,,3.0,5.0,7.0
2021-03-12,Hessen,gruene,,9.0,10.0,12.0
2021-03-12,Hessen,linke,,1.0,4.0,7.0
2021-03-12,Hessen,spd,,8.0,11.0,13.0
2021-03-12,Mecklenburg-Vorpommern,afd,,0.0,3.0,5.0
2021-03-12,Mecklenburg-Vorpommern,cdu,,3.0,6.0,6.0
2021-03-12,Mecklenburg-Vorpommern,fdp,,0.0,1.0,1.0
2021-03-12,Mecklenburg-Vorpommern,gruene,,2.0,2.0,2.0
2021-03-12,Mecklenburg-Vorpommern,linke,,2.0,3.0,3.0
2021-03-12,Mecklenburg-Vorpommern,spd,,1.0,2.0,2.0
2021-03-12,Niedersachsen,afd,,0.0,5.0,17.0
2021-03-12,Niedersachsen,cdu,,17.0,22.0,27.0
2021-03-12,Niedersachsen,fdp,,3.0,6.0,8.0
2021-03-12,Niedersachsen,gruene,,11.0,13.0,15.0
2021-03-12,Niedersachsen,linke,,1.0,5.0,9.0
2021-03-12,Niedersachsen,spd,,14.0,17.0,21.0
2021-03-12,Nordrhein-Westfalen,afd,,0.0,12.0,37.0
2021-03-12,Nordrhein-Westfalen,cdu,,36.0,46.0,58.0
2021-03-12,Nordrhein-Westfalen,fdp,,12.0,18.0,24.0
2021-03-12,Nordrhein-Westfalen,gruene,,22.0,26.0,31.0
2021-03-12,Nordrhein-Westfalen,linke,,2.0,11.0,20.0
2021-03-12,Nordrhein-Westfalen,spd,,28.0,35.0,42.0
2021-03-12,Rheinland-Pfalz,afd,,0.0,4.0,10.0
2021-03-12,Rheinland-Pfalz,cdu,,12.0,14.0,15.0
2021-03-12,Rheinland-Pfalz,fdp,,2.0,3.0,5.0
2021-03-12,Rheinland-Pfalz,gruene,,5.0,6.0,8.0
2021-03-12,Rheinland-Pfalz,linke,,0.0,2.0,4.0
2021-03-12,Rheinland-Pfalz,spd,,6.0,8.0,10.0
2021-03-12,Saarland,afd,,0.0,1.0,2.0
2021-03-12,Saarland,cdu,,2.0,4.0,4.0
2021-03-12,Saarland,fdp,,0.0,1.0,1.0
2021-03-12,Saarland,gruene,,1.0,1.0,2.0
2021-03-12,Saarland,linke,,1.0,1.0,2.0
2021-03-12,Saarland,spd,,2.0,2.0,3.0
2021-03-12,Sachsen,afd,,4.0,10.0,16.0
2021-03-12,Sachsen,cdu,,7.0,12.0,16.0
2021-03-12,Sachsen,fdp,,1.0,3.0,4.0
2021-03-12,Sachsen,gruene,,4.0,6.0,7.0
2021-03-12,Sachsen,linke,,4.0,6.0,8.0
2021-03-12,Sachsen,spd,,1.0,3.0,5.0
2021-03-12,Sachsen-Anhalt,afd,,0.0,4.0,7.0
2021-03-12,Sachsen-Anhalt,cdu,,5.0,8.0,9.0
2021-03-12,Sachsen-Anhalt,fdp,,0.0,1.0,2.0
2021-03-12,Sachsen-Anhalt,gruene,,2.0,3.0,3.0
2021-03-12,Sachsen-Anhalt,linke,,2.0,3.0,5.0
2021-03-12,Sachsen-Anhalt,spd,,1.0,2.0,3.0
2021-03-12,Schleswig-Holstein,afd,,0.0,2.0,6.0
2021-03-12,Schleswig-Holstein,cdu,,9.0,11.0,11.0
2021-03-12,Schleswig-Holstein,fdp,,2.0,3.0,4.0
2021-03-12,Schleswig-Holstein,gruene,,5.0,6.0,7.0
2021-03-12,Schleswig-Holstein,linke,,0.0,2.0,3.0
2021-03-12,Schleswig-Holstein,spd,,4.0,5.0,7.0
2021-03-12,Thüringen,afd,,1.0,4.0,8.0
2021-03-12,Thüringen,cdu,,4.0,8.0,8.0
2021-03-12,Thüringen,fdp,,0.0,1.0,2.0
2021-03-12,Thüringen,gruene,,2.0,3.0,3.0
2021-03-12,Thüringen,linke,,2.0,3.0,5.0
2021-03-12,Thüringen,spd,,1.0,2.0,3.0
2021-03-13,National,afd,0.0,51.0,86.0,128.0
2021-03-13,National,cdu,0.0,222.0,246.0,268.0
2021-03-13,National,cdu_fdp,0.0015,288.0,314.0,337.0
2021-03-13,National,cdu_fdp_gruene,1.0,419.0,449.0,479.0
2021-03-13,National,cdu_gruene,0.7667,349.0,382.0,413.0
2021-03-13,National,cdu_spd,0.6486,348.0,372.0,393.0
2021-03-13,National,fdp,0.0,45.0,67.0,92.0
2021-03-13,National,gruene,0.0,120.0,136.0,152.0
2021-03-13,National,linke,0.0,45.0,64.0,85.0
2021-03-13,National,spd,0.0,109.0,125.0,142.0
2021-03-13,National,spd_fdp_gruene,0.0093,299.0,328.0,360.0
2021-03-13,National,spd_gruene,0.0,242.0,261.0,280.0
2021-03-13,Baden-Württemberg,afd,,0.0,10.0,26.0
2021-03-13,Baden-Württemberg,cdu,,33.0,36.0,37.0
2021-03-13,Baden-Württemberg,fdp,,7.0,11.0,14.0
2021-03-13,Baden-Württemberg,gruene,,19.0,22.0,25.0
2021-03-13,Baden-Württemberg,linke,,0.0,5.0,11.0
2021-03-13,Baden-Württemberg,spd,,8.0,12.0,17.0
2021-03-13,Bayern,afd,,0.0,12.0,32.0
2021-03-13,Bayern,cdu,,45.0,46.0,46.0
2021-03-13,Bayern,fdp,,6.0,10.0,15.0
2021-03-13,Bayern,gruene,,19.0,22.0,26.0
2021-03-13,Bayern,linke,,0.0,6.0,13.0
2021-03-13,Bayern,spd,,8.0,14.0,19.0
2021-03-13,Berlin,afd,,0.0,3.0,8.0
2021-03-13,Berlin,cdu,,4.0,6.0,8.0
2021-03-13,Berlin,fdp,,1.0,2.0,3.0
2021-03-13,Berlin,gruene,,6.0,7.0,8.0
2021-03-13,Berlin,linke,,4.0,5.0,7.0
2021-03-13,Berlin,spd,,3.0,4.0,6.0
2021-03-13,Brandenburg,afd,,1.0,4.0,8.0
2021-03-13,Brandenburg,cdu,,4.0,9.0,10.0
2021-03-13,Brandenburg,fdp,,0.0,1.0,2.0
2021-03-13,Brandenburg,gruene,,3.0,3.0,4.0
2021-03-13,Brandenburg,linke,,3.0,4.0,5.0
2021-03-13,Brandenburg,spd,,2.0,3.0,4.0
2021-03-13,Bremen,afd,,0.0,0.0,1.0
2021-03-13,Bremen,cdu,,1.0,1.0,2.0
2021-03-13,Bremen,fdp,,0.0,0.0,1.0
2021-03-13,Bremen,gruene,,1.0,1.0,1.0
2021-03-13,Bremen,linke,,0.0,1.0,1.0
2021-03-13,Bremen,spd,,1.0,2.0,2.0
2021-03-13,Hamburg,afd,,0.0,1.0,3.0
2021-03-13,Hamburg,cdu,,3.0,3.0,6.0
2021-03-13,Hamburg,fdp,,1.0,1.0,2.0
2021-03-13,Hamburg,gruene,,3.0,4.0,4.0
2021-03-13,Hamburg,linke,,1.0,2.0,3.0
2021-03-13,Hamburg,spd,,2.0,3.0,6.0
2021-03-13,Hessen,afd,,0.0,6.0,14.0
2021-03-13,Hessen,cdu,,13.0,18.0,21.0
2021-03-13,Hessen,fdp,,3.0,5.0,7.0
2021-03-13,Hessen,gruene,,9.0,10.0,12.0
2021-03-13,Hessen,linke,,1.0,4.0,7.0
2021-03-13,Hessen,spd,,8.0,11.0,13.0
2021-03-13,Mecklenburg-Vorpommern,afd,,0.0,3.0,5.0
2021-03-13,Mecklenburg-Vorpommern,cdu,,3.0,6.0,6.0
2021-03-13,Mecklenburg-Vorpommern,fdp,,0.0,1.0,1.0
2021-03-13,Mecklenburg-Vorpommern,gruene,,2.0,2.0,2.0
2021-03-13,Mecklenburg-Vorpommern,linke,,2.0,3.0,3.0
2021-03-13,Mecklenburg-Vorpommern,spd,,1.0,2.0,2.0
2021-03-13,Niedersachsen,afd,,0.0,5.0,17.0
2021-03-13,Niedersachsen,cdu,,17.0,22.0,27.0
2021-03-13,Niedersachsen,fdp,,3.0,6.0,8.0
2021-03-13,Niedersachsen,gruene,,11.0,13.0,15.0
2021-03-13,Niedersachsen,linke,,1.0,5.0,9.0
2021-03-13,Niedersachsen,spd,,14.0,17.0,21.0
2021-03-13,Nordrhein-Westfalen,afd,,0.0,12.0,37.0
2021-03-13,Nordrhein-Westfalen,cdu,,36.0,46.0,58.0
2021-03-13,Nordrhein-Westfalen,fdp,,12.0,18.0,24.0
2021-03-13,Nordrhein-Westfalen,gruene,,22.0,27.0,31.0
2021-03-13,Nordrhein-Westfalen,linke,,2.0,11.0,20.0
2021-03-13,Nordrhein-Westfalen,spd,,28.0,35.0,42.0
2021-03-13,Rheinland-Pfalz,afd,,0.0,4.0,10.0
2021-03-13,Rheinland-Pfalz,cdu,,12.0,14.0,15.0
2021-03-13,Rheinland-Pfalz,fdp,,2.0,3.0,5.0
2021-03-13,Rheinland-Pfalz,gruene,,5.0,6.0,8.0
2021-03-13,Rheinland-Pfalz,linke,,0.0,2.0,4.0
2021-03-13,Rheinland-Pfalz,spd,,6.0,8.0,10.0
2021-03-13,Saarland,afd,,0.0,1.0,2.0
2021-03-13,Saarland,cdu,,2.0,4.0,4.0
2021-03-13,Saarland,fdp,,0.0,1.0,1.0
2021-03-13,Saarland,gruene,,1.0,1.0,2.0
2021-03-13,Saarland,linke,,1.0,1.0,2.0
2021-03-13,Saarland,spd,,2.0,2.0,3.0
2021-03-13,Sachsen,afd,,4.0,10.0,16.0
2021-03-13,Sachsen,cdu,,7.0,12.0,16.0
2021-03-13,Sachsen,fdp,,1.0,3.0,4.0
2021-03-13,Sachsen,gruene,,4.0,6.0,7.0
2021-03-13,Sachsen,linke,,4.0,6.0,8.0
2021-03-13,Sachsen,spd,,1.0,3.0,5.0
2021-03-13,Sachsen-Anhalt,afd,,0.0,4.0,7.0
2021-03-13,Sachsen-Anhalt,cdu,,5.0,8.0,9.0
2021-03-13,Sachsen-Anhalt,fdp,,0.0,1.0,2.0
2021-03-13,Sachsen-Anhalt,gruene,,2.0,3.0,3.0
2021-03-13,Sachsen-Anhalt,linke,,2.0,3.0,5.0
2021-03-13,Sachsen-Anhalt,spd,,1.0,2.0,3.0
2021-03-13,Schleswig-Holstein,afd,,0.0,2.0,6.0
2021-03-13,Schleswig-Holstein,cdu,,9.0,11.0,11.0
2021-03-13,Schleswig-Holstein,fdp,,2.0,3.0,4.0
2021-03-13,Schleswig-Holstein,gruene,,5.0,6.0,7.0
2021-03-13,Schleswig-Holstein,linke,,0.0,2.0,3.0
2021-03-13,Schleswig-Holstein,spd,,4.0,5.0,7.0
2021-03-13,Thüringen,afd,,1.0,4.0,8.0
2021-03-13,Thüringen,cdu,,4.0,8.0,8.0
2021-03-13,Thüringen,fdp,,0.0,1.0,2.0
2021-03-13,Thüringen,gruene,,2.0,3.0,3.0
2021-03-13,Thüringen,linke,,2.0,3.0,5.0
2021-03-13,Thüringen,spd,,1.0,2.0,3.0
2021-03-14,National,afd,0.0,52.0,87.0,129.0
2021-03-14,National,cdu,0.0,222.0,245.0,266.0
2021-03-14,National,cdu_fdp,0.001,286.0,312.0,336.0
2021-03-14,National,cdu_fdp_gruene,1.0,419.0,449.0,479.0
2021-03-14,National,cdu_gruene,0.7814,352.0,382.0,412.0
2021-03-14,National,cdu_spd,0.6185,346.0,371.0,392.0
2021-03-14,National,fdp,0.0,46.0,67.0,89.0
2021-03-14,National,gruene,0.0,122.0,137.0,154.0
2021-03-14,National,linke,0.0,46.0,64.0,85.0
2021-03-14,National,spd,0.0,109.0,126.0,142.0
2021-03-14,National,spd_fdp_gruene,0.0089,301.0,330.0,360.0
2021-03-14,National,spd_gruene,0.0,244.0,263.0,283.0
2021-03-14,Baden-Württemberg,afd,,0.0,10.0,26.0
2021-03-14,Baden-Württemberg,cdu,,33.0,36.0,37.0
2021-03-14,Baden-Württemberg,fdp,,7.0,11.0,14.0
2021-03-14,Baden-Württemberg,gruene,,19.0,22.0,25.0
2021-03-14,Baden-Württemberg,linke,,0.0,5.0,11.0
2021-03-14,Baden-Württemberg,spd,,8.0,12.0,17.0
2021-03-14,Bayern,afd,,0.0,13.0,32.0
2021-03-14,Bayern,cdu,,44.0,46.0,46.0
2021-03-14,Bayern,fdp,,6.0,10.0,14.0
2021-03-14,Bayern,gruene,,20.0,23.0,26.0
2021-03-14,Bayern,linke,,0.0,6.0,13.0
2021-03-14,Bayern,spd,,8.0,14.0,19.0
2021-03-14,Berlin,afd,,0.0,3.0,8.0
2021-03-14,Berlin,cdu,,4.0,6.0,7.0
2021-03-14,Berlin,fdp,,1.0,2.0,3.0
2021-03-14,Berlin,gruene,,6.0,7.0,8.0
2021-03-14,Berlin,linke,,4.0,5.0,7.0
2021-03-14,Berlin,spd,,3.0,4.0,6.0
2021-03-14,Brandenburg,afd,,1.0,4.0,8.0
2021-03-14,Brandenburg,cdu,,4.0,9.0,10.0
2021-03-14,Brandenburg,fdp,,0.0,1.0,2.0
2021-03-14,Brandenburg,gruene,,3.0,3.0,4.0
2021-03-14,Brandenburg,linke,,3.0,4.0,5.0
2021-03-14,Brandenburg,spd,,2.0,3.0,4.0
2021-03-14,Bremen,afd,,0.0,0.0,1.0
2021-03-14,Bremen,cdu,,1.0,1.0,2.0
2021-03-14,Bremen,fdp,,0.0,0.0,1.0
2021-03-14,Bremen,gruene,,1.0,1.0,1.0
2021-03-14,Bremen,linke,,0.0,1.0,1.0
2021-03-14,Bremen,spd,,1.0,2.0,2.0
2021-03-14,Hamburg,afd,,0.0,1.0,3.0
2021-03-14,Hamburg,cdu,,2.0,3.0,6.0
2021-03-14,Hamburg,fdp,,1.0,1.0,2.0
2021-03-14,Hamburg,gruene,,3.0,4.0,4.0
2021-03-14,Hamburg,linke,,1.0,2.0,3.0
2021-03-14,Hamburg,spd,,2.0,3.0,6.0
2021-03-14,Hessen,afd,,0.0,6.0,14.0
2021-03-14,Hessen,cdu,,13.0,18.0,21.0
2021-03-14,Hessen,fdp,,3.0,5.0,7.0
2021-03-14,Hessen,gruene,,9.0,10.0,12.0
2021-03-14,Hessen,linke,,1.0,4.0,7.0
2021-03-14,Hessen,spd,,8.0,11.0,13.0
2021-03-14,Mecklenburg-Vorpommern,afd,,0.0,3.0,5.0
2021-03-14,Mecklenburg-Vorpommern,cdu,,3.0,6.0,6.0
2021-03-14,Mecklenburg-Vorpommern,fdp,,0.0,1.0,1.0
2021-03-14,Mecklenburg-Vorpommern,gruene,,2.0,2.0,3.0
2021-03-14,Mecklenburg-Vorpommern,linke,,2.0,3.0,3.0
2021-03-14,Mecklenburg-Vorpommern,spd,,1.0,2.0,2.0
2021-03-14,Niedersachsen,afd,,0.0,5.0,17.0
2021-03-14,Niedersachsen,cdu,,17.0,22.0,27.0
2021-03-14,Niedersachsen,fdp,,3.0,6.0,8.0
2021-03-14,Niedersachsen,gruene,,12.0,13.0,16.0
2021-03-14,Niedersachsen,linke,,1.0,5.0,9.0
2021-03-14,Niedersachsen,spd,,14.0,17.0,21.0
2021-03-14,Nordrhein-Westfalen,afd,,0.0,12.0,38.0
2021-03-14,Nordrhein-Westfalen,cdu,,36.0,46.0,57.0
2021-03-14,Nordrhein-Westfalen,fdp,,12.0,18.0,24.0
2021-03-14,Nordrhein-Westfalen,gruene,,23.0,27.0,31.0
2021-03-14,Nordrhein-Westfalen,linke,,2.0,11.0,20.0
2021-03-14,Nordrhein-Westfalen,spd,,28.0,35.0,42.0
2021-03-14,Rheinland-Pfalz,afd,,0.0,4.0,10.0
2021-03-14,Rheinland-Pfalz,cdu,,12.0,14.0,15.0
2021-03-14,Rheinland-Pfalz,fdp,,2.0,3.0,5.0
2021-03-14,Rheinland-Pfalz,gruene,,5.0,6.0,8.0
2021-03-14,Rheinland-Pfalz,linke,,0.0,2.0,4.0
2021-03-14,Rheinland-Pfalz,spd,,6.0,8.0,10.0
2021-03-14,Saarland,afd,,0.0,1.0,2.0
2021-03-14,Saarland,cdu,,2.0,4.0,4.0
2021-03-14,Saarland,fdp,,0.0,1.0,1.0
2021-03-14,Saarland,gruene,,1.0,1.0,2.0
2021-03-14,Saarland,linke,,1.0,1.0,2.0
2021-03-14,Saarland,spd,,2.0,2.0,3.0
2021-03-14,Sachsen,afd,,4.0,10.0,16.0
2021-03-14,Sachsen,cdu,,7.0,12.0,16.0
2021-03-14,Sachsen,fdp,,1.0,3.0,4.0
2021-03-14,Sachsen,gruene,,5.0,6.0,7.0
2021-03-14,Sachsen,linke,,4.0,6.0,8.0
2021-03-14,Sachsen,spd,,1.0,3.0,5.0
2021-03-14,Sachsen-Anhalt,afd,,0.0,4.0,7.0
2021-03-14,Sachsen-Anhalt,cdu,,5.0,8.0,9.0
2021-03-14,Sachsen-Anhalt,fdp,,0.0,1.0,2.0
2021-03-14,Sachsen-Anhalt,gruene,,2.0,3.0,3.0
2021-03-14,Sachsen-Anhalt,linke,,2.0,3.0,5.0
2021-03-14,Sachsen-Anhalt,spd,,1.0,2.0,3.0
2021-03-14,Schleswig-Holstein,afd,,0.0,2.0,6.0
2021-03-14,Schleswig-Holstein,cdu,,9.0,11.0,11.0
2021-03-14,Schleswig-Holstein,fdp,,2.0,3.0,4.0
2021-03-14,Schleswig-Holstein,gruene,,5.0,6.0,7.0
2021-03-14,Schleswig-Holstein,linke,,0.0,2.0,3.0
2021-03-14,Schleswig-Holstein,spd,,4.0,5.0,7.0
2021-03-14,Thüringen,afd,,1.0,4.0,8.0
2021-03-14,Thüringen,cdu,,4.0,7.0,8.0
2021-03-14,Thüringen,fdp,,1.0,1.0,2.0
2021-03-14,Thüringen,gruene,,2.0,3.0,3.0
2021-03-14,Thüringen,linke,,2.0,3.0,5.0
2021-03-14,Thüringen,spd,,1.0,2.0,3.0
2021-03-15,National,afd,0.0,55.0,91.0,134.0
2021-03-15,National,cdu,0.0,210.0,238.0,262.0
2021-03-15,National,cdu_fdp,0.0006,287.0,312.0,336.0
2021-03-15,National,cdu_fdp_gruene,1.0,415.0,447.0,477.0
2021-03-15,National,cdu_gruene,0.5893,336.0,373.0,406.0
2021-03-15,National,cdu_spd,0.5105,342.0,367.0,390.0
2021-03-15,National,fdp,0.0,49.0,74.0,100.0
2021-03-15,National,gruene,0.0,118.0,135.0,151.0
2021-03-15,National,linke,0.0,47.0,65.0,84.0
2021-03-15,National,spd,0.0,112.0,129.0,146.0
2021-03-15,National,spd_fdp_gruene,0.0321,307.0,338.0,371.0
2021-03-15,National,spd_gruene,0.0,245.0,264.0,283.0
2021-03-15,Baden-Württemberg,afd,,0.0,11.0,27.0
2021-03-15,Baden-Württemberg,cdu,,32.0,36.0,37.0
2021-03-15,Baden-Württemberg,fdp,,8.0,11.0,16.0
2021-03-15,Baden-Württemberg,gruene,,19.0,22.0,25.0
2021-03-15,Baden-Württemberg,linke,,0.0,5.0,11.0
2021-03-15,Baden-Württemberg,spd,,8.0,12.0,17.0
2021-03-15,Bayern,afd,,0.0,13.0,33.0
2021-03-15,Bayern,cdu,,44.0,46.0,46.0
2021-03-15,Bayern,fdp,,6.0,11.0,16.0
2021-03-15,Bayern,gruene,,19.0,22.0,26.0
2021-03-15,Bayern,linke,,0.0,6.0,13.0
2021-03-15,Bayern,spd,,9.0,14.0,20.0
2021-03-15,Berlin,afd,,0.0,3.0,8.0
2021-03-15,Berlin,cdu,,4.0,6.0,7.0
2021-03-15,Berlin,fdp,,1.0,2.0,4.0
2021-03-15,Berlin,gruene,,6.0,7.0,8.0
2021-03-15,Berlin,linke,,4.0,5.0,7.0
2021-03-15,Berlin,spd,,3.0,4.0,6.0
2021-03-15,Brandenburg,afd,,1.0,5.0,9.0
2021-03-15,Brandenburg,cdu,,4.0,8.0,10.0
2021-03-15,Brandenburg,fdp,,1.0,2.0,2.0
2021-03-15,Brandenburg,gruene,,3.0,3.0,4.0
2021-03-15,Brandenburg,linke,,3.0,4.0,5.0
2021-03-15,Brandenburg,spd,,2.0,3.0,5.0
2021-03-15,Bremen,afd,,0.0,0.0,1.0
2021-03-15,Bremen,cdu,,1.0,1.0,1.0
2021-03-15,Bremen,fdp,,0.0,0.0,1.0
2021-03-15,Bremen,gruene,,1.0,1.0,1.0
2021-03-15,Bremen,linke,,0.0,1.0,1.0
2021-03-15,Bremen,spd,,1.0,2.0,2.0
2021-03-15,Hamburg,afd,,0.0,1.0,4.0
2021-03-15,Hamburg,cdu,,2.0,3.0,5.0
2021-03-15,Hamburg,fdp,,1.0,2.0,2.0
2021-03-15,Hamburg,gruene,,3.0,4.0,4.0
2021-03-15,Hamburg,linke,,1.0,2.0,3.0
2021-03-15,Hamburg,spd,,2.0,4.0,6.0
2021-03-15,Hessen,afd,,0.0,6.0,15.0
2021-03-15,Hessen,cdu,,11.0,17.0,21.0
2021-03-15,Hessen,fdp,,4.0,6.0,8.0
2021-03-15,Hessen,gruene,,9.0,10.0,12.0
2021-03-15,Hessen,linke,,1.0,4.0,7.0
2021-03-15,Hessen,spd,,8.0,11.0,13.0
2021-03-15,Mecklenburg-Vorpommern,afd,,0.0,3.0,5.0
2021-03-15,Mecklenburg-Vorpommern,cdu,,3.0,6.0,6.0
2021-03-15,Mecklenburg-Vorpommern,fdp,,0.0,1.0,1.0
2021-03-15,Mecklenburg-Vorpommern,gruene,,2.0,2.0,2.0
2021-03-15,Mecklenburg-Vorpommern,linke,,2.0,3.0,4.0
2021-03-15,Mecklenburg-Vorpommern,spd,,1.0,2.0,2.0
2021-03-15,Niedersachsen,afd,,0.0,6.0,18.0
2021-03-15,Niedersachsen,cdu,,16.0,21.0,27.0
2021-03-15,Niedersachsen,fdp,,3.0,6.0,9.0
2021-03-15,Niedersachsen,gruene,,11.0,13.0,15.0
2021-03-15,Niedersachsen,linke,,1.0,5.0,9.0
2021-03-15,Niedersachsen,spd,,14.0,18.0,22.0
2021-03-15,Nordrhein-Westfalen,afd,,0.0,13.0,39.0
2021-03-15,Nordrhein-Westfalen,cdu,,34.0,44.0,56.0
2021-03-15,Nordrhein-Westfalen,fdp,,13.0,19.0,26.0
2021-03-15,Nordrhein-Westfalen,gruene,,22.0,26.0,31.0
2021-03-15,Nordrhein-Westfalen,linke,,2.0,11.0,20.0
2021-03-15,Nordrhein-Westfalen,spd,,29.0,35.0,43.0
2021-03-15,Rheinland-Pfalz,afd,,0.0,4.0,10.0
2021-03-15,Rheinland-Pfalz,cdu,,11.0,14.0,15.0
2021-03-15,Rheinland-Pfalz,fdp,,2.0,4.0,5.0
2021-03-15,Rheinland-Pfalz,gruene,,5.0,6.0,7.0
2021-03-15,Rheinland-Pfalz,linke,,0.0,2.0,4.0
2021-03-15,Rheinland-Pfalz,spd,,6.0,8.0,10.0
2021-03-15,Saarland,afd,,0.0,1.0,2.0
2021-03-15,Saarland,cdu,,2.0,3.0,4.0
2021-03-15,Saarland,fdp,,0.0,1.0,1.0
2021-03-15,Saarland,gruene,,1.0,1.0,2.0
2021-03-15,Saarland,linke,,1.0,1.0,2.0
2021-03-15,Saarland,spd,,2.0,2.0,3.0
2021-03-15,Sachsen,afd,,4.0,10.0,17.0
2021-03-15,Sachsen,cdu,,6.0,11.0,16.0
2021-03-15,Sachsen,fdp,,1.0,3.0,5.0
2021-03-15,Sachsen,gruene,,4.0,5.0,7.0
2021-03-15,Sachsen,linke,,4.0,6.0,8.0
2021-03-15,Sachsen,spd,,1.0,3.0,5.0
2021-03-15,Sachsen-Anhalt,afd,,1.0,4.0,7.0
2021-03-15,Sachsen-Anhalt,cdu,,4.0,8.0,9.0
2021-03-15,Sachsen-Anhalt,fdp,,1.0,1.0,2.0
2021-03-15,Sachsen-Anhalt,gruene,,2.0,3.0,3.0
2021-03-15,Sachsen-Anhalt,linke,,2.0,3.0,5.0
2021-03-15,Sachsen-Anhalt,spd,,1.0,2.0,3.0
2021-03-15,Schleswig-Holstein,afd,,0.0,2.0,6.0
2021-03-15,Schleswig-Holstein,cdu,,8.0,10.0,11.0
2021-03-15,Schleswig-Holstein,fdp,,2.0,3.0,4.0
2021-03-15,Schleswig-Holstein,gruene,,5.0,6.0,7.0
2021-03-15,Schleswig-Holstein,linke,,0.0,2.0,3.0
2021-03-15,Schleswig-Holstein,spd,,4.0,5.0,7.0
2021-03-15,Thüringen,afd,,1.0,4.0,8.0
2021-03-15,Thüringen,cdu,,3.0,7.0,8.0
2021-03-15,Thüringen,fdp,,1.0,1.0,2.0
2021-03-15,Thüringen,gruene,,2.0,3.0,3.0
2021-03-15,Thüringen,linke,,2.0,3.0,5.0
2021-03-15,Thüringen,spd,,1.0,2.0,3.0
2021-03-16,National,afd,0.0,54.0,90.0,133.0
2021-03-16,National,cdu,0.0,212.0,240.0,264.0
2021-03-16,National,cdu_fdp,0.0009,287.0,312.0,337.0
2021-03-16,National,cdu_fdp_gruene,1.0,416.0,447.0,477.0
2021-03-16,National,cdu_gruene,0.6107,337.0,374.0,408.0
2021-03-16,National,cdu_spd,0.5251,342.0,368.0,390.0
2021-03-16,National,fdp,0.0,49.0,73.0,99.0
2021-03-16,National,gruene,0.0,119.0,135.0,151.0
2021-03-16,National,linke,0.0,46.0,65.0,84.0
2021-03-16,National,spd,0.0,112.0,129.0,146.0
2021-03-16,National,spd_fdp_gruene,0.0309,306.0,337.0,370.0
2021-03-16,National,spd_gruene,0.0,245.0,263.0,283.0
2021-03-16,Baden-Württemberg,afd,,0.0,11.0,27.0
2021-03-16,Baden-Württemberg,cdu,,32.0,36.0,37.0
2021-03-16,Baden-Württemberg,fdp,,8.0,11.0,15.0
2021-03-16,Baden-Württemberg,gruene,,19.0,22.0,25.0
2021-03-16,Baden-Württemberg,linke,,0.0,5.0,11.0
2021-03-16,Baden-Württemberg,spd,,8.0,12.0,17.0
2021-03-16,Bayern,afd,,0.0,13.0,33.0
2021-03-16,Bayern,cdu,,44.0,46.0,46.0
2021-03-16,Bayern,fdp,,6.0,11.0,16.0
2021-03-16,Bayern,gruene,,19.0,22.0,26.0
2021-03-16,Bayern,linke,,0.0,6.0,13.0
2021-03-16,Bayern,spd,,8.0,14.0,20.0
2021-03-16,Berlin,afd,,0.0,3.0,8.0
2021-03-16,Berlin,cdu,,4.0,6.0,7.0
2021-03-16,Berlin,fdp,,1.0,2.0,4.0
2021-03-16,Berlin,gruene,,6.0,7.0,8.0
2021-03-16,Berlin,linke,,4.0,5.0,7.0
2021-03-16,Berlin,spd,,3.0,4.0,6.0
2021-03-16,Brandenburg,afd,,1.0,5.0,9.0
2021-03-16,Brandenburg,cdu,,4.0,8.0,10.0
2021-03-16,Brandenburg,fdp,,1.0,1.0,2.0
2021-03-16,Brandenburg,gruene,,3.0,3.0,4.0
2021-03-16,Brandenburg,linke,,3.0,4.0,5.0
2021-03-16,Brandenburg,spd,,2.0,3.0,5.0
2021-03-16,Bremen,afd,,0.0,0.0,1.0
2021-03-16,Bremen,cdu,,1.0,1.0,2.0
2021-03-16,Bremen,fdp,,0.0,0.0,1.0
2021-03-16,Bremen,gruene,,1.0,1.0,1.0
2021-03-16,Bremen,linke,,0.0,1.0,1.0
2021-03-16,Bremen,spd,,1.0,2.0,2.0
2021-03-16,Hamburg,afd,,0.0,1.0,4.0
2021-03-16,Hamburg,cdu,,2.0,3.0,6.0
2021-03-16,Hamburg,fdp,,1.0,2.0,2.0
2021-03-16,Hamburg,gruene,,3.0,4.0,4.0
2021-03-16,Hamburg,linke,,1.0,2.0,3.0
2021-03-16,Hamburg,spd,,2.0,4.0,6.0
2021-03-16,Hessen,afd,,0.0,6.0,15.0
2021-03-16,Hessen,cdu,,12.0,17.0,21.0
2021-03-16,Hessen,fdp,,4.0,6.0,8.0
2021-03-16,Hessen,gruene,,9.0,10.0,12.0
2021-03-16,Hessen,linke,,1.0,4.0,7.0
2021-03-16,Hessen,spd,,8.0,11.0,13.0
2021-03-16,Mecklenburg-Vorpommern,afd,,0.0,3.0,5.0
2021-03-16,Mecklenburg-Vorpommern,cdu,,3.0,6.0,6.0
2021-03-16,Mecklenburg-Vorpommern,fdp,,0.0,1.0,1.0
2021-03-16,Mecklenburg-Vorpommern,gruene,,2.0,2.0,2.0
2021-03-16,Mecklenburg-Vorpommern,linke,,2.0,3.0,4.0
2021-03-16,Mecklenburg-Vorpommern,spd,,1.0,2.0,2.0
2021-03-16,Niedersachsen,afd,,0.0,6.0,18.0
2021-03-16,Niedersachsen,cdu,,16.0,21.0,27.0
2021-03-16,Niedersachsen,fdp,,3.0,6.0,9.0
2021-03-16,Niedersachsen,gruene,,11.0,13.0,15.0
2021-03-16,Niedersachsen,linke,,1.0,5.0,9.0
2021-03-16,Niedersachsen,spd,,14.0,18.0,22.0
2021-03-16,Nordrhein-Westfalen,afd,,0.0,13.0,39.0
2021-03-16,Nordrhein-Westfalen,cdu,,34.0,44.0,56.0
2021-03-16,Nordrhein-Westfalen,fdp,,13.0,19.0,26.0
2021-03-16,Nordrhein-Westfalen,gruene,,22.0,26.0,31.0
2021-03-16,Nordrhein-Westfalen,linke,,2.0,11.0,20.0
2021-03-16,Nordrhein-Westfalen,spd,,28.0,35.0,43.0
2021-03-16,Rheinland-Pfalz,afd,,0.0,4.0,10.0
2021-03-16,Rheinland-Pfalz,cdu,,11.0,14.0,15.0
2021-03-16,Rheinland-Pfalz,fdp,,2.0,4.0,5.0
2021-03-16,Rheinland-Pfalz,gruene,,5.0,6.0,7.0
2021-03-16,Rheinland-Pfalz,linke,,0.0,2.0,4.0
2021-03-16,Rheinland-Pfalz,spd,,6.0,8.0,10.0
2021-03-16,Saarland,afd,,0.0,1.0,2.0
2021-03-16,Saarland,cdu,,2.0,3.0,4.0
2021-03-16,Saarland,fdp,,0.0,1.0,1.0
2021-03-16,Saarland,gruene,,1.0,1.0,2.0
2021-03-16,Saarland,linke,,1.0,1.0,2.0
2021-03-16,Saarland,spd,,2.0,2.0,3.0
2021-03-16,Sachsen,afd,,4.0,10.0,17.0
2021-03-16,Sachsen,cdu,,6.0,11.0,16.0
2021-03-16,Sachsen,fdp,,1.0,3.0,5.0
2021-03-16,Sachsen,gruene,,4.0,5.0,7.0
2021-03-16,Sachsen,linke,,4.0,6.0,8.0
2021-03-16,Sachsen,spd,,1.0,3.0,5.0
2021-03-16,Sachsen-Anhalt,afd,,1.0,4.0,7.0
2021-03-16,Sachsen-Anhalt,cdu,,4.0,8.0,9.0
2021-03-16,Sachsen-Anhalt,fdp,,1.0,1.0,2.0
2021-03-16,Sachsen-Anhalt,gruene,,2.0,3.0,3.0
2021-03-16,Sachsen-Anhalt,linke,,2.0,3.0,5.0
2021-03-16,Sachsen-Anhalt,spd,,1.0,2.0,3.0
2021-03-16,Schleswig-Holstein,afd,,0.0,2.0,6.0
2021-03-16,Schleswig-Holstein,cdu,,9.0,10.0,11.0
2021-03-16,Schleswig-Holstein,fdp,,2.0,3.0,4.0
2021-03-16,Schleswig-Holstein,gruene,,5.0,6.0,7.0
2021-03-16,Schleswig-Holstein,linke,,0.0,2.0,3.0
2021-03-16,Schleswig-Holstein,spd,,4.0,5.0,7.0
2021-03-16,Thüringen,afd,,1.0,4.0,8.0
2021-03-16,Thüringen,cdu,,3.0,7.0,8.0
2021-03-16,Thüringen,fdp,,1.0,1.0,2.0
2021-03-16,Thüringen,gruene,,2.0,3.0,3.0
2021-03-16,Thüringen,linke,,2.0,3.0,5.0
2021-03-16,Thüringen,spd,,1.0,2.0,3.0
2021-03-17,National,afd,0.0,54.0,89.0,132.0
2021-03-17,National,cdu,0.0,210.0,238.0,262.0
2021-03-17,National,cdu_fdp,0.0009,281.0,309.0,336.0
2021-03-17,National,cdu_fdp_gruene,1.0,418.0,449.0,481.0
2021-03-17,National,cdu_gruene,0.6669,343.0,378.0,412.0
2021-03-17,National,cdu_spd,0.4825,340.0,366.0,389.0
2021-03-17,National,fdp,0.0,49.0,72.0,95.0
2021-03-17,National,gruene,0.0,117.0,141.0,166.0
2021-03-17,National,linke,0.0,47.0,65.0,85.0
2021-03-17,National,spd,0.0,112.0,129.0,145.0
2021-03-17,National,spd_fdp_gruene,0.0611,307.0,341.0,376.0
2021-03-17,National,spd_gruene,0.0,243.0,269.0,297.0
2021-03-17,Baden-Württemberg,afd,,0.0,11.0,27.0
2021-03-17,Baden-Württemberg,cdu,,32.0,35.0,37.0
2021-03-17,Baden-Württemberg,fdp,,7.0,11.0,15.0
2021-03-17,Baden-Württemberg,gruene,,19.0,23.0,26.0
2021-03-17,Baden-Württemberg,linke,,0.0,6.0,11.0
2021-03-17,Baden-Württemberg,spd,,8.0,12.0,17.0
2021-03-17,Bayern,afd,,0.0,13.0,33.0
2021-03-17,Bayern,cdu,,44.0,46.0,46.0
2021-03-17,Bayern,fdp,,6.0,11.0,15.0
2021-03-17,Bayern,gruene,,19.0,23.0,28.0
2021-03-17,Bayern,linke,,0.0,6.0,13.0
2021-03-17,Bayern,spd,,8.0,14.0,20.0
2021-03-17,Berlin,afd,,0.0,3.0,8.0
2021-03-17,Berlin,cdu,,4.0,5.0,7.0
2021-03-17,Berlin,fdp,,1.0,2.0,4.0
2021-03-17,Berlin,gruene,,6.0,7.0,8.0
2021-03-17,Berlin,linke,,4.0,6.0,7.0
2021-03-17,Berlin,spd,,3.0,4.0,6.0
2021-03-17,Brandenburg,afd,,1.0,4.0,9.0
2021-03-17,Brandenburg,cdu,,4.0,8.0,10.0
2021-03-17,Brandenburg,fdp,,1.0,1.0,2.0
2021-03-17,Brandenburg,gruene,,3.0,4.0,5.0
2021-03-17,Brandenburg,linke,,3.0,4.0,5.0
2021-03-17,Brandenburg,spd,,2.0,3.0,5.0
2021-03-17,Bremen,afd,,0.0,0.0,1.0
2021-03-17,Bremen,cdu,,1.0,1.0,1.0
2021-03-17,Bremen,fdp,,0.0,0.0,1.0
2021-03-17,Bremen,gruene,,1.0,1.0,1.0
2021-03-17,Bremen,linke,,0.0,1.0,1.0
2021-03-17,Bremen,spd,,1.0,2.0,2.0
2021-03-17,Hamburg,afd,,0.0,1.0,4.0
2021-03-17,Hamburg,cdu,,2.0,3.0,5.0
2021-03-17,Hamburg,fdp,,1.0,2.0,2.0
2021-03-17,Hamburg,gruene,,3.0,4.0,5.0
2021-03-17,Hamburg,linke,,1.0,2.0,3.0
2021-03-17,Hamburg,spd,,2.0,4.0,6.0
2021-03-17,Hessen,afd,,0.0,6.0,15.0
2021-03-17,Hessen,cdu,,11.0,17.0,21.0
2021-03-17,Hessen,fdp,,4.0,6.0,8.0
2021-03-17,Hessen,gruene,,9.0,11.0,13.0
2021-03-17,Hessen,linke,,1.0,4.0,7.0
2021-03-17,Hessen,spd,,8.0,11.0,13.0
2021-03-17,Mecklenburg-Vorpommern,afd,,0.0,3.0,5.0
2021-03-17,Mecklenburg-Vorpommern,cdu,,3.0,6.0,6.0
2021-03-17,Mecklenburg-Vorpommern,fdp,,0.0,1.0,1.0
2021-03-17,Mecklenburg-Vorpommern,gruene,,2.0,2.0,3.0
2021-03-17,Mecklenburg-Vorpommern,linke,,2.0,3.0,4.0
2021-03-17,Mecklenburg-Vorpommern,spd,,1.0,2.0,2.0
2021-03-17,Niedersachsen,afd,,0.0,6.0,18.0
2021-03-17,Niedersachsen,cdu,,16.0,21.0,26.0
2021-03-17,Niedersachsen,fdp,,3.0,6.0,9.0
2021-03-17,Niedersachsen,gruene,,11.0,14.0,17.0
2021-03-17,Niedersachsen,linke,,1.0,5.0,9.0
2021-03-17,Niedersachsen,spd,,14.0,18.0,22.0
2021-03-17,Nordrhein-Westfalen,afd,,0.0,13.0,39.0
2021-03-17,Nordrhein-Westfalen,cdu,,34.0,44.0,56.0
2021-03-17,Nordrhein-Westfalen,fdp,,13.0,19.0,25.0
2021-03-17,Nordrhein-Westfalen,gruene,,22.0,27.0,33.0
2021-03-17,Nordrhein-Westfalen,linke,,2.0,11.0,20.0
2021-03-17,Nordrhein-Westfalen,spd,,29.0,35.0,43.0
2021-03-17,Rheinland-Pfalz,afd,,0.0,4.0,10.0
2021-03-17,Rheinland-Pfalz,cdu,,11.0,14.0,15.0
2021-03-17,Rheinland-Pfalz,fdp,,2.0,4.0,5.0
2021-03-17,Rheinland-Pfalz,gruene,,5.0,7.0,8.0
2021-03-17,Rheinland-Pfalz,linke,,0.0,2.0,4.0
2021-03-17,Rheinland-Pfalz,spd,,6.0,8.0,10.0
2021-03-17,Saarland,afd,,0.0,1.0,2.0
2021-03-17,Saarland,cdu,,2.0,3.0,4.0
2021-03-17,Saarland,fdp,,0.0,1.0,1.0
2021-03-17,Saarland,gruene,,1.0,1.0,2.0
2021-03-17,Saarland,linke,,1.0,1.0,2.0
2021-03-17,Saarland,spd,,2.0,2.0,3.0
2021-03-17,Sachsen,afd,,4.0,10.0,17.0
2021-03-17,Sachsen,cdu,,6.0,11.0,16.0
2021-03-17,Sachsen,fdp,,1.0,3.0,4.0
2021-03-17,Sachsen,gruene,,4.0,6.0,7.0
2021-03-17,Sachsen,linke,,4.0,6.0,9.0
2021-03-17,Sachsen,spd,,1.0,3.0,5.0
2021-03-17,Sachsen-Anhalt,afd,,1.0,4.0,7.0
2021-03-17,Sachsen-Anhalt,cdu,,4.0,8.0,9.0
2021-03-17,Sachsen-Anhalt,fdp,,1.0,1.0,2.0
2021-03-17,Sachsen-Anhalt,gruene,,2.0,3.0,4.0
2021-03-17,Sachsen-Anhalt,linke,,2.0,3.0,5.0
2021-03-17,Sachsen-Anhalt,spd,,1.0,2.0,3.0
2021-03-17,Schleswig-Holstein,afd,,0.0,2.0,6.0
2021-03-17,Schleswig-Holstein,cdu,,9.0,10.0,11.0
2021-03-17,Schleswig-Holstein,fdp,,2.0,3.0,4.0
2021-03-17,Schleswig-Holstein,gruene,,5.0,6.0,7.0
2021-03-17,Schleswig-Holstein,linke,,0.0,2.0,3.0
2021-03-17,Schleswig-Holstein,spd,,4.0,5.0,7.0
2021-03-17,Thüringen,afd,,1.0,4.0,8.0
2021-03-17,Thüringen,cdu,,3.0,7.0,8.0
2021-03-17,Thüringen,fdp,,1.0,1.0,2.0
2021-03-17,Thüringen,gruene,,2.0,3.0,4.0
2021-03-17,Thüringen,linke,,2.0,3.0,5.0
2021-03-17,Thüringen,spd,,1.0,2.0,3.0
2021-03-18,National,afd,0.0,53.0,89.0,132.0
2021-03-18,National,cdu,0.0,212.0,238.0,262.0
2021-03-18,National,cdu_fdp,0.0009,281.0,309.0,336.0
2021-03-18,National,cdu_fdp_gruene,1.0,418.0,449.0,481.0
2021-03-18,National,cdu_gruene,0.6751,344.0,378.0,413.0
2021-03-18,National,cdu_spd,0.4872,340.0,366.0,390.0
2021-03-18,National,fdp,0.0,49.0,72.0,95.0
2021-03-18,National,gruene,0.0,117.0,141.0,166.0
2021-03-18,National,linke,0.0,47.0,65.0,85.0
2021-03-18,National,spd,0.0,112.0,128.0,145.0
2021-03-18,National,spd_fdp_gruene,0.0577,307.0,340.0,375.0
2021-03-18,National,spd_gruene,0.0,243.0,269.0,296.0
2021-03-18,Baden-Württemberg,afd,,0.0,11.0,27.0
2021-03-18,Baden-Württemberg,cdu,,32.0,35.0,37.0
2021-03-18,Baden-Württemberg,fdp,,7.0,11.0,15.0
2021-03-18,Baden-Württemberg,gruene,,19.0,23.0,26.0
2021-03-18,Baden-Württemberg,linke,,0.0,5.0,11.0
2021-03-18,Baden-Württemberg,spd,,8.0,12.0,17.0
2021-03-18,Bayern,afd,,0.0,13.0,33.0
2021-03-18,Bayern,cdu,,44.0,46.0,46.0
2021-03-18,Bayern,fdp,,6.0,11.0,15.0
2021-03-18,Bayern,gruene,,19.0,23.0,28.0
2021-03-18,Bayern,linke,,0.0,6.0,13.0
2021-03-18,Bayern,spd,,8.0,14.0,20.0
2021-03-18,Berlin,afd,,0.0,3.0,8.0
2021-03-18,Berlin,cdu,,4.0,5.0,7.0
2021-03-18,Berlin,fdp,,1.0,2.0,4.0
2021-03-18,Berlin,gruene,,6.0,7.0,8.0
2021-03-18,Berlin,linke,,4.0,5.0,7.0
2021-03-18,Berlin,spd,,3.0,4.0,6.0
2021-03-18,Brandenburg,afd,,1.0,4.0,9.0
2021-03-18,Brandenburg,cdu,,4.0,8.0,10.0
2021-03-18,Brandenburg,fdp,,1.0,1.0,2.0
2021-03-18,Brandenburg,gruene,,3.0,4.0,5.0
2021-03-18,Brandenburg,linke,,3.0,4.0,5.0
2021-03-18,Brandenburg,spd,,2.0,3.0,5.0
2021-03-18,Bremen,afd,,0.0,0.0,1.0
2021-03-18,Bremen,cdu,,1.0,1.0,1.0
2021-03-18,Bremen,fdp,,0.0,0.0,1.0
2021-03-18,Bremen,gruene,,1.0,1.0,1.0
2021-03-18,Bremen,linke,,0.0,1.0,1.0
2021-03-18,Bremen,spd,,1.0,2.0,2.0
2021-03-18,Hamburg,afd,,0.0,1.0,4.0
2021-03-18,Hamburg,cdu,,2.0,3.0,5.0
2021-03-18,Hamburg,fdp,,1.0,2.0,2.0
2021-03-18,Hamburg,gruene,,3.0,4.0,4.0
2021-03-18,Hamburg,linke,,1.0,2.0,3.0
2021-03-18,Hamburg,spd,,2.0,4.0,6.0
2021-03-18,Hessen,afd,,0.0,6.0,15.0
2021-03-18,Hessen,cdu,,11.0,17.0,21.0
2021-03-18,Hessen,fdp,,4.0,6.0,8.0
2021-03-18,Hessen,gruene,,9.0,11.0,13.0
2021-03-18,Hessen,linke,,1.0,4.0,7.0
2021-03-18,Hessen,spd,,8.0,11.0,13.0
2021-03-18,Mecklenburg-Vorpommern,afd,,0.0,3.0,5.0
2021-03-18,Mecklenburg-Vorpommern,cdu,,3.0,6.0,6.0
2021-03-18,Mecklenburg-Vorpommern,fdp,,0.0,1.0,1.0
2021-03-18,Mecklenburg-Vorpommern,gruene,,2.0,2.0,3.0
2021-03-18,Mecklenburg-Vorpommern,linke,,2.0,3.0,4.0
2021-03-18,Mecklenburg-Vorpommern,spd,,1.0,2.0,2.0
2021-03-18,Niedersachsen,afd,,0.0,6.0,18.0
2021-03-18,Niedersachsen,cdu,,16.0,21.0,26.0
2021-03-18,Niedersachsen,fdp,,3.0,6.0,9.0
2021-03-18,Niedersachsen,gruene,,11.0,14.0,17.0
2021-03-18,Niedersachsen,linke,,1.0,5.0,9.0
2021-03-18,Niedersachsen,spd,,14.0,18.0,22.0
2021-03-18,Nordrhein-Westfalen,afd,,0.0,13.0,39.0
2021-03-18,Nordrhein-Westfalen,cdu,,34.0,44.0,56.0
2021-03-18,Nordrhein-Westfalen,fdp,,13.0,19.0,25.0
2021-03-18,Nordrhein-Westfalen,gruene,,22.0,27.0,33.0
2021-03-18,Nordrhein-Westfalen,linke,,2.0,11.0,20.0
2021-03-18,Nordrhein-Westfalen,spd,,29.0,35.0,43.0
2021-03-18,Rheinland-Pfalz,afd,,0.0,4.0,10.0
2021-03-18,Rheinland-Pfalz,cdu,,11.0,14.0,15.0
2021-03-18,Rheinland-Pfalz,fdp,,2.0,3.0,5.0
2021-03-18,Rheinland-Pfalz,gruene,,5.0,7.0,8.0
2021-03-18,Rheinland-Pfalz,linke,,0.0,2.0,4.0
2021-03-18,Rheinland-Pfalz,spd,,6.0,8.0,10.0
2021-03-18,Saarland,afd,,0.0,1.0,2.0
2021-03-18,Saarland,cdu,,2.0,3.0,4.0
2021-03-18,Saarland,fdp,,0.0,1.0,1.0
2021-03-18,Saarland,gruene,,1.0,1.0,2.0
2021-03-18,Saarland,linke,,1.0,1.0,2.0
2021-03-18,Saarland,spd,,2.0,2.0,3.0
2021-03-18,Sachsen,afd,,4.0,10.0,17.0
2021-03-18,Sachsen,cdu,,6.0,11.0,16.0
2021-03-18,Sachsen,fdp,,1.0,3.0,4.0
2021-03-18,Sachsen,gruene,,4.0,6.0,7.0
2021-03-18,Sachsen,linke,,4.0,6.0,9.0
2021-03-18,Sachsen,spd,,1.0,3.0,5.0
2021-03-18,Sachsen-Anhalt,afd,,0.0,4.0,7.0
2021-03-18,Sachsen-Anhalt,cdu,,4.0,8.0,9.0
2021-03-18,Sachsen-Anhalt,fdp,,1.0,1.0,2.0
2021-03-18,Sachsen-Anhalt,gruene,,2.0,3.0,4.0
2021-03-18,Sachsen-Anhalt,linke,,2.0,3.0,5.0
2021-03-18,Sachsen-Anhalt,spd,,1.0,2.0,3.0
2021-03-18,Schleswig-Holstein,afd,,0.0,2.0,6.0
2021-03-18,Schleswig-Holstein,cdu,,9.0,10.0,11.0
2021-03-18,Schleswig-Holstein,fdp,,2.0,3.0,4.0
2021-03-18,Schleswig-Holstein,gruene,,5.0,6.0,7.0
2021-03-18,Schleswig-Holstein,linke,,0.0,2.0,3.0
2021-03-18,Schleswig-Holstein,spd,,4.0,5.0,7.0
2021-03-18,Thüringen,afd,,1.0,4.0,8.0
2021-03-18,Thüringen,cdu,,3.0,7.0,8.0
2021-03-18,Thüringen,fdp,,1.0,1.0,2.0
2021-03-18,Thüringen,gruene,,2.0,3.0,4.0
2021-03-18,Thüringen,linke,,2.0,3.0,5.0
2021-03-18,Thüringen,spd,,1.0,2.0,3.0
2021-03-19,National,afd,0.0,54.0,90.0,132.0
2021-03-19,National,cdu,0.0,208.0,236.0,260.0
2021-03-19,National,cdu_fdp,0.0012,278.0,307.0,334.0
2021-03-19,National,cdu_fdp_gruene,1.0,420.0,451.0,482.0
2021-03-19,National,cdu_gruene,0.6863,346.0,379.0,411.0
2021-03-19,National,cdu_spd,0.4526,338.0,365.0,388.0
2021-03-19,National,fdp,0.0,50.0,72.0,94.0
2021-03-19,National,gruene,0.0,120.0,144.0,168.0
2021-03-19,National,linke,0.0,45.0,63.0,83.0
2021-03-19,National,spd,0.0,113.0,130.0,147.0
2021-03-19,National,spd_fdp_gruene,0.1055,311.0,345.0,382.0
2021-03-19,National,spd_gruene,0.0,246.0,273.0,303.0
2021-03-19,Baden-Württemberg,afd,,0.0,11.0,27.0
2021-03-19,Baden-Württemberg,cdu,,31.0,35.0,37.0
2021-03-19,Baden-Württemberg,fdp,,8.0,11.0,15.0
2021-03-19,Baden-Württemberg,gruene,,19.0,23.0,27.0
2021-03-19,Baden-Württemberg,linke,,0.0,5.0,11.0
2021-03-19,Baden-Württemberg,spd,,8.0,13.0,17.0
2021-03-19,Bayern,afd,,0.0,13.0,33.0
2021-03-19,Bayern,cdu,,43.0,46.0,46.0
2021-03-19,Bayern,fdp,,6.0,11.0,15.0
2021-03-19,Bayern,gruene,,20.0,24.0,28.0
2021-03-19,Bayern,linke,,0.0,6.0,13.0
2021-03-19,Bayern,spd,,9.0,14.0,20.0
2021-03-19,Berlin,afd,,0.0,3.0,8.0
2021-03-19,Berlin,cdu,,4.0,5.0,7.0
2021-03-19,Berlin,fdp,,1.0,2.0,3.0
2021-03-19,Berlin,gruene,,6.0,7.0,8.0
2021-03-19,Berlin,linke,,4.0,5.0,7.0
2021-03-19,Berlin,spd,,3.0,4.0,6.0
2021-03-19,Brandenburg,afd,,1.0,5.0,9.0
2021-03-19,Brandenburg,cdu,,4.0,8.0,10.0
2021-03-19,Brandenburg,fdp,,1.0,1.0,2.0
2021-03-19,Brandenburg,gruene,,3.0,4.0,5.0
2021-03-19,Brandenburg,linke,,3.0,4.0,5.0
2021-03-19,Brandenburg,spd,,2.0,3.0,5.0
2021-03-19,Bremen,afd,,0.0,0.0,1.0
2021-03-19,Bremen,cdu,,1.0,1.0,1.0
2021-03-19,Bremen,fdp,,0.0,0.0,1.0
2021-03-19,Bremen,gruene,,1.0,1.0,1.0
2021-03-19,Bremen,linke,,0.0,1.0,1.0
2021-03-19,Bremen,spd,,1.0,2.0,2.0
2021-03-19,Hamburg,afd,,0.0,1.0,4.0
2021-03-19,Hamburg,cdu,,2.0,3.0,5.0
2021-03-19,Hamburg,fdp,,1.0,2.0,2.0
2021-03-19,Hamburg,gruene,,3.0,4.0,5.0
2021-03-19,Hamburg,linke,,1.0,2.0,3.0
2021-03-19,Hamburg,spd,,2.0,4.0,6.0
2021-03-19,Hessen,afd,,0.0,6.0,15.0
2021-03-19,Hessen,cdu,,11.0,17.0,21.0
2021-03-19,Hessen,fdp,,4.0,6.0,8.0
2021-03-19,Hessen,gruene,,9.0,11.0,13.0
2021-03-19,Hessen,linke,,1.0,4.0,7.0
2021-03-19,Hessen,spd,,8.0,11.0,13.0
2021-03-19,Mecklenburg-Vorpommern,afd,,0.0,3.0,5.0
2021-03-19,Mecklenburg-Vorpommern,cdu,,3.0,6.0,6.0
2021-03-19,Mecklenburg-Vorpommern,fdp,,0.0,1.0,1.0
2021-03-19,Mecklenburg-Vorpommern,gruene,,2.0,2.0,3.0
2021-03-19,Mecklenburg-Vorpommern,linke,,2.0,3.0,3.0
2021-03-19,Mecklenburg-Vorpommern,spd,,1.0,2.0,3.0
2021-03-19,Niedersachsen,afd,,0.0,6.0,18.0
2021-03-19,Niedersachsen,cdu,,16.0,21.0,26.0
2021-03-19,Niedersachsen,fdp,,3.0,6.0,9.0
2021-03-19,Niedersachsen,gruene,,12.0,14.0,17.0
2021-03-19,Niedersachsen,linke,,0.0,5.0,9.0
2021-03-19,Niedersachsen,spd,,14.0,18.0,22.0
2021-03-19,Nordrhein-Westfalen,afd,,0.0,13.0,39.0
2021-03-19,Nordrhein-Westfalen,cdu,,33.0,43.0,55.0
2021-03-19,Nordrhein-Westfalen,fdp,,13.0,19.0,25.0
2021-03-19,Nordrhein-Westfalen,gruene,,23.0,28.0,34.0
2021-03-19,Nordrhein-Westfalen,linke,,2.0,10.0,20.0
2021-03-19,Nordrhein-Westfalen,spd,,29.0,36.0,43.0
2021-03-19,Rheinland-Pfalz,afd,,0.0,4.0,10.0
2021-03-19,Rheinland-Pfalz,cdu,,11.0,14.0,15.0
2021-03-19,Rheinland-Pfalz,fdp,,2.0,4.0,5.0
2021-03-19,Rheinland-Pfalz,gruene,,5.0,7.0,8.0
2021-03-19,Rheinland-Pfalz,linke,,0.0,2.0,4.0
2021-03-19,Rheinland-Pfalz,spd,,6.0,8.0,10.0
2021-03-19,Saarland,afd,,0.0,1.0,2.0
2021-03-19,Saarland,cdu,,2.0,3.0,4.0
2021-03-19,Saarland,fdp,,0.0,1.0,1.0
2021-03-19,Saarland,gruene,,1.0,2.0,2.0
2021-03-19,Saarland,linke,,1.0,1.0,2.0
2021-03-19,Saarland,spd,,2.0,2.0,3.0
2021-03-19,Sachsen,afd,,4.0,10.0,17.0
2021-03-19,Sachsen,cdu,,6.0,10.0,16.0
2021-03-19,Sachsen,fdp,,1.0,3.0,4.0
2021-03-19,Sachsen,gruene,,5.0,6.0,7.0
2021-03-19,Sachsen,linke,,4.0,6.0,8.0
2021-03-19,Sachsen,spd,,1.0,3.0,5.0
2021-03-19,Sachsen-Anhalt,afd,,1.0,4.0,7.0
2021-03-19,Sachsen-Anhalt,cdu,,4.0,8.0,9.0
2021-03-19,Sachsen-Anhalt,fdp,,1.0,1.0,2.0
2021-03-19,Sachsen-Anhalt,gruene,,2.0,3.0,4.0
2021-03-19,Sachsen-Anhalt,linke,,2.0,3.0,5.0
2021-03-19,Sachsen-Anhalt,spd,,1.0,2.0,3.0
2021-03-19,Schleswig-Holstein,afd,,0.0,2.0,6.0
2021-03-19,Schleswig-Holstein,cdu,,8.0,10.0,11.0
2021-03-19,Schleswig-Holstein,fdp,,2.0,3.0,4.0
2021-03-19,Schleswig-Holstein,gruene,,5.0,6.0,7.0
2021-03-19,Schleswig-Holstein,linke,,0.0,2.0,3.0
2021-03-19,Schleswig-Holstein,spd,,4.0,5.0,7.0
2021-03-19,Thüringen,afd,,1.0,4.0,8.0
2021-03-19,Thüringen,cdu,,3.0,7.0,8.0
2021-03-19,Thüringen,fdp,,1.0,1.0,2.0
2021-03-19,Thüringen,gruene,,2.0,3.0,4.0
2021-03-19,Thüringen,linke,,2.0,3.0,5.0
2021-03-19,Thüringen,spd,,1.0,2.0,3.0
2021-03-20,National,afd,0.0,55.0,91.0,132.0
2021-03-20,National,cdu,0.0,196.0,228.0,255.0
2021-03-20,National,cdu_fdp,0.0002,273.0,302.0,330.0
2021-03-20,National,cdu_fdp_gruene,1.0,419.0,450.0,480.0
2021-03-20,National,cdu_gruene,0.5734,343.0,375.0,405.0
2021-03-20,National,cdu_spd,0.3508,334.0,362.0,386.0
2021-03-20,National,fdp,0.0,54.0,75.0,96.0
2021-03-20,National,gruene,0.0,126.0,148.0,169.0
2021-03-20,National,linke,0.0,46.0,64.0,83.0
2021-03-20,National,spd,0.0,116.0,135.0,154.0
2021-03-20,National,spd_fdp_gruene,0.2559,316.0,357.0,398.0
2021-03-20,National,spd_gruene,0.0,251.0,282.0,313.0
2021-03-20,Baden-Württemberg,afd,,0.0,11.0,27.0
2021-03-20,Baden-Württemberg,cdu,,30.0,35.0,37.0
2021-03-20,Baden-Württemberg,fdp,,8.0,12.0,15.0
2021-03-20,Baden-Württemberg,gruene,,20.0,23.0,27.0
2021-03-20,Baden-Württemberg,linke,,0.0,5.0,11.0
2021-03-20,Baden-Württemberg,spd,,8.0,13.0,18.0
2021-03-20,Bayern,afd,,0.0,13.0,33.0
2021-03-20,Bayern,cdu,,42.0,46.0,46.0
2021-03-20,Bayern,fdp,,7.0,11.0,15.0
2021-03-20,Bayern,gruene,,20.0,24.0,28.0
2021-03-20,Bayern,linke,,0.0,6.0,13.0
2021-03-20,Bayern,spd,,9.0,15.0,21.0
2021-03-20,Berlin,afd,,0.0,3.0,8.0
2021-03-20,Berlin,cdu,,3.0,5.0,7.0
2021-03-20,Berlin,fdp,,1.0,2.0,4.0
2021-03-20,Berlin,gruene,,6.0,7.0,8.0
2021-03-20,Berlin,linke,,4.0,5.0,7.0
2021-03-20,Berlin,spd,,3.0,5.0,6.0
2021-03-20,Brandenburg,afd,,1.0,5.0,9.0
2021-03-20,Brandenburg,cdu,,4.0,8.0,10.0
2021-03-20,Brandenburg,fdp,,1.0,2.0,2.0
2021-03-20,Brandenburg,gruene,,3.0,4.0,5.0
2021-03-20,Brandenburg,linke,,3.0,4.0,5.0
2021-03-20,Brandenburg,spd,,2.0,4.0,5.0
2021-03-20,Bremen,afd,,0.0,0.0,1.0
2021-03-20,Bremen,cdu,,0.0,1.0,1.0
2021-03-20,Bremen,fdp,,0.0,0.0,1.0
2021-03-20,Bremen,gruene,,1.0,1.0,1.0
2021-03-20,Bremen,linke,,0.0,1.0,1.0
2021-03-20,Bremen,spd,,1.0,2.0,2.0
2021-03-20,Hamburg,afd,,0.0,1.0,4.0
2021-03-20,Hamburg,cdu,,2.0,3.0,5.0
2021-03-20,Hamburg,fdp,,1.0,2.0,2.0
2021-03-20,Hamburg,gruene,,3.0,4.0,5.0
2021-03-20,Hamburg,linke,,1.0,2.0,3.0
2021-03-20,Hamburg,spd,,3.0,4.0,6.0
2021-03-20,Hessen,afd,,0.0,6.0,15.0
2021-03-20,Hessen,cdu,,10.0,16.0,20.0
2021-03-20,Hessen,fdp,,4.0,6.0,8.0
2021-03-20,Hessen,gruene,,9.0,11.0,13.0
2021-03-20,Hessen,linke,,1.0,4.0,7.0
2021-03-20,Hessen,spd,,9.0,11.0,14.0
2021-03-20,Mecklenburg-Vorpommern,afd,,0.0,3.0,5.0
2021-03-20,Mecklenburg-Vorpommern,cdu,,3.0,5.0,6.0
2021-03-20,Mecklenburg-Vorpommern,fdp,,0.0,1.0,1.0
2021-03-20,Mecklenburg-Vorpommern,gruene,,2.0,2.0,3.0
2021-03-20,Mecklenburg-Vorpommern,linke,,2.0,3.0,3.0
2021-03-20,Mecklenburg-Vorpommern,spd,,1.0,2.0,3.0
2021-03-20,Niedersachsen,afd,,0.0,6.0,18.0
2021-03-20,Niedersachsen,cdu,,15.0,20.0,25.0
2021-03-20,Niedersachsen,fdp,,4.0,6.0,9.0
2021-03-20,Niedersachsen,gruene,,12.0,15.0,17.0
2021-03-20,Niedersachsen,linke,,0.0,5.0,9.0
2021-03-20,Niedersachsen,spd,,15.0,18.0,22.0
2021-03-20,Nordrhein-Westfalen,afd,,0.0,13.0,39.0
2021-03-20,Nordrhein-Westfalen,cdu,,31.0,41.0,53.0
2021-03-20,Nordrhein-Westfalen,fdp,,14.0,20.0,25.0
2021-03-20,Nordrhein-Westfalen,gruene,,24.0,29.0,34.0
2021-03-20,Nordrhein-Westfalen,linke,,2.0,11.0,20.0
2021-03-20,Nordrhein-Westfalen,spd,,30.0,37.0,44.0
2021-03-20,Rheinland-Pfalz,afd,,0.0,4.0,10.0
2021-03-20,Rheinland-Pfalz,cdu,,10.0,13.0,15.0
2021-03-20,Rheinland-Pfalz,fdp,,2.0,4.0,5.0
2021-03-20,Rheinland-Pfalz,gruene,,6.0,7.0,8.0
2021-03-20,Rheinland-Pfalz,linke,,0.0,2.0,4.0
2021-03-20,Rheinland-Pfalz,spd,,6.0,8.0,10.0
2021-03-20,Saarland,afd,,0.0,1.0,2.0
2021-03-20,Saarland,cdu,,2.0,3.0,4.0
2021-03-20,Saarland,fdp,,0.0,1.0,1.0
2021-03-20,Saarland,gruene,,1.0,2.0,2.0
2021-03-20,Saarland,linke,,1.0,1.0,2.0
2021-03-20,Saarland,spd,,2.0,2.0,3.0
2021-03-20,Sachsen,afd,,4.0,10.0,17.0
2021-03-20,Sachsen,cdu,,6.0,9.0,16.0
2021-03-20,Sachsen,fdp,,2.0,3.0,4.0
2021-03-20,Sachsen,gruene,,5.0,6.0,7.0
2021-03-20,Sachsen,linke,,4.0,6.0,8.0
2021-03-20,Sachsen,spd,,1.0,3.0,5.0
2021-03-20,Sachsen-Anhalt,afd,,1.0,4.0,7.0
2021-03-20,Sachsen-Anhalt,cdu,,4.0,8.0,9.0
2021-03-20,Sachsen-Anhalt,fdp,,1.0,1.0,2.0
2021-03-20,Sachsen-Anhalt,gruene,,2.0,3.0,4.0
2021-03-20,Sachsen-Anhalt,linke,,2.0,3.0,5.0
2021-03-20,Sachsen-Anhalt,spd,,2.0,3.0,4.0
2021-03-20,Schleswig-Holstein,afd,,0.0,2.0,6.0
2021-03-20,Schleswig-Holstein,cdu,,8.0,10.0,11.0
2021-03-20,Schleswig-Holstein,fdp,,2.0,3.0,4.0
2021-03-20,Schleswig-Holstein,gruene,,5.0,6.0,7.0
2021-03-20,Schleswig-Holstein,linke,,0.0,2.0,3.0
2021-03-20,Schleswig-Holstein,spd,,4.0,6.0,7.0
2021-03-20,Thüringen,afd,,1.0,4.0,8.0
2021-03-20,Thüringen,cdu,,3.0,7.0,8.0
2021-03-20,Thüringen,fdp,,1.0,1.0,2.0
2021-03-20,Thüringen,gruene,,2.0,3.0,4.0
2021-03-20,Thüringen,linke,,2.0,3.0,5.0
2021-03-20,Thüringen,spd,,1.0,2.0,3.0
