date,coalition,prob_majority
2021-03-07,cdu_fdp,0.0024
2021-03-07,cdu_fdp_gruene,1.0
2021-03-07,cdu_gruene,0.9057
2021-03-07,cdu_spd,0.7286
2021-03-07,spd_fdp_gruene,0.006999999999999999
2021-03-07,spd_gruene,0.0
2021-03-08,cdu_fdp,0.0023
2021-03-08,cdu_fdp_gruene,1.0
2021-03-08,cdu_gruene,0.907
2021-03-08,cdu_spd,0.7318
2021-03-08,spd_fdp_gruene,0.006999999999999999
2021-03-08,spd_gruene,0.0
2021-03-09,cdu_fdp,0.0014
2021-03-09,cdu_fdp_gruene,1.0
2021-03-09,cdu_gruene,0.6871
2021-03-09,cdu_spd,0.5927
2021-03-09,spd_fdp_gruene,0.0119
2021-03-09,spd_gruene,0.0
2021-03-10,cdu_fdp,0.0023
2021-03-10,cdu_fdp_gruene,1.0
2021-03-10,cdu_gruene,0.7404
2021-03-10,cdu_spd,0.6303
2021-03-10,spd_fdp_gruene,0.0083
2021-03-10,spd_gruene,0.0
2021-03-11,cdu_fdp,0.0024
2021-03-11,cdu_fdp_gruene,1.0
2021-03-11,cdu_gruene,0.7498
2021-03-11,cdu_spd,0.6361
2021-03-11,spd_fdp_gruene,0.0074
2021-03-11,spd_gruene,0.0
2021-03-12,cdu_fdp,0.0012
2021-03-12,cdu_fdp_gruene,1.0
2021-03-12,cdu_gruene,0.7603
2021-03-12,cdu_spd,0.644
2021-03-12,spd_fdp_gruene,0.0096
2021-03-12,spd_gruene,0.0
2021-03-13,cdu_fdp,0.0015
2021-03-13,cdu_fdp_gruene,1.0
2021-03-13,cdu_gruene,0.7667
2021-03-13,cdu_spd,0.6486
2021-03-13,spd_fdp_gruene,0.0093
2021-03-13,spd_gruene,0.0
2021-03-14,cdu_fdp,0.001
2021-03-14,cdu_fdp_gruene,1.0
2021-03-14,cdu_gruene,0.7814
2021-03-14,cdu_spd,0.6185
2021-03-14,spd_fdp_gruene,0.0089
2021-03-14,spd_gruene,0.0
2021-03-15,cdu_fdp,0.0006
2021-03-15,cdu_fdp_gruene,1.0
2021-03-15,cdu_gruene,0.5893
2021-03-15,cdu_spd,0.5105
2021-03-15,spd_fdp_gruene,0.0321
2021-03-15,spd_gruene,0.0
2021-03-16,cdu_fdp,0.0009
2021-03-16,cdu_fdp_gruene,1.0
2021-03-16,cdu_gruene,0.6107
2021-03-16,cdu_spd,0.5251
2021-03-16,spd_fdp_gruene,0.0309
2021-03-16,spd_gruene,0.0
2021-03-17,cdu_fdp,0.0009
2021-03-17,cdu_fdp_gruene,1.0
2021-03-17,cdu_gruene,0.6669
2021-03-17,cdu_spd,0.4825
2021-03-17,spd_fdp_gruene,0.0611
2021-03-17,spd_gruene,0.0
2021-03-18,cdu_fdp,0.0009
2021-03-18,cdu_fdp_gruene,1.0
2021-03-18,cdu_gruene,0.6751
2021-03-18,cdu_spd,0.4872
2021-03-18,spd_fdp_gruene,0.0577
2021-03-18,spd_gruene,0.0
2021-03-19,cdu_fdp,0.0012
2021-03-19,cdu_fdp_gruene,1.0
2021-03-19,cdu_gruene,0.6863
2021-03-19,cdu_spd,0.4526
2021-03-19,spd_fdp_gruene,0.1055
2021-03-19,spd_gruene,0.0
2021-03-20,cdu_fdp,0.0011
2021-03-20,cdu_fdp_gruene,1.0
2021-03-20,cdu_gruene,0.6453
2021-03-20,cdu_spd,0.4185
2021-03-20,spd_fdp_gruene,0.1523
2021-03-20,spd_gruene,0.0
2021-03-21,cdu_fdp,0.001
2021-03-21,cdu_fdp_gruene,1.0
2021-03-21,cdu_gruene,0.6563
2021-03-21,cdu_spd,0.4324
2021-03-21,spd_fdp_gruene,0.1376
2021-03-21,spd_gruene,0.0
2021-03-22,cdu_fdp,0.0005
2021-03-22,cdu_fdp_gruene,1.0
2021-03-22,cdu_gruene,0.6633
2021-03-22,cdu_spd,0.387
2021-03-22,spd_fdp_gruene,0.206
2021-03-22,spd_gruene,0.0
2021-03-23,cdu_fdp,0.0003
2021-03-23,cdu_fdp_gruene,1.0
2021-03-23,cdu_gruene,0.5781
2021-03-23,cdu_spd,0.3388
2021-03-23,spd_fdp_gruene,0.3428
2021-03-23,spd_gruene,0.0
2021-03-24,cdu_fdp,0.0003
2021-03-24,cdu_fdp_gruene,1.0
2021-03-24,cdu_gruene,0.6112
2021-03-24,cdu_spd,0.2688
2021-03-24,spd_fdp_gruene,0.3877
2021-03-24,spd_gruene,0.0
2021-03-25,cdu_fdp,0.0003
2021-03-25,cdu_fdp_gruene,1.0
2021-03-25,cdu_gruene,0.6169
2021-03-25,cdu_spd,0.274
2021-03-25,spd_fdp_gruene,0.378
2021-03-25,spd_gruene,0.0
2021-03-26,cdu_fdp,0.0
2021-03-26,cdu_fdp_gruene,1.0
2021-03-26,cdu_gruene,0.69
2021-03-26,cdu_spd,0.2209
2021-03-26,spd_fdp_gruene,0.3686
2021-03-26,spd_gruene,0.0
2021-03-27,cdu_fdp,0.0
2021-03-27,cdu_fdp_gruene,1.0
2021-03-27,cdu_gruene,0.6888
2021-03-27,cdu_spd,0.2302
2021-03-27,spd_fdp_gruene,0.3635
2021-03-27,spd_gruene,0.0
2021-03-28,cdu_fdp,0.0001
2021-03-28,cdu_fdp_gruene,1.0
2021-03-28,cdu_gruene,0.6662
2021-03-28,cdu_spd,0.2057
2021-03-28,spd_fdp_gruene,0.4263
2021-03-28,spd_gruene,0.0
2021-03-29,cdu_fdp,0.0
2021-03-29,cdu_fdp_gruene,1.0
2021-03-29,cdu_gruene,0.5688
2021-03-29,cdu_spd,0.1751
2021-03-29,spd_fdp_gruene,0.5439
2021-03-29,spd_gruene,0.0001
2021-03-30,cdu_fdp,0.0001
2021-03-30,cdu_fdp_gruene,1.0
2021-03-30,cdu_gruene,0.5252
2021-03-30,cdu_spd,0.1463
2021-03-30,spd_fdp_gruene,0.5598
2021-03-30,spd_gruene,0.0
2021-03-31,cdu_fdp,0.0001
2021-03-31,cdu_fdp_gruene,1.0
2021-03-31,cdu_gruene,0.578
2021-03-31,cdu_spd,0.1262
2021-03-31,spd_fdp_gruene,0.5574
2021-03-31,spd_gruene,0.0
2021-04-01,cdu_fdp,0.0001
2021-04-01,cdu_fdp_gruene,1.0
2021-04-01,cdu_gruene,0.5658
2021-04-01,cdu_spd,0.1193
2021-04-01,spd_fdp_gruene,0.55
2021-04-01,spd_gruene,0.0
2021-04-02,cdu_fdp,0.0001
2021-04-02,cdu_fdp_gruene,1.0
2021-04-02,cdu_gruene,0.6128
2021-04-02,cdu_spd,0.1129
2021-04-02,spd_fdp_gruene,0.5432
2021-04-02,spd_gruene,0.0
2021-04-03,cdu_fdp,0.0
2021-04-03,cdu_fdp_gruene,1.0
2021-04-03,cdu_gruene,0.6118
2021-04-03,cdu_spd,0.117
2021-04-03,spd_fdp_gruene,0.5368
2021-04-03,spd_gruene,0.0
2021-04-04,cdu_fdp,0.0002
2021-04-04,cdu_fdp_gruene,1.0
2021-04-04,cdu_gruene,0.6241
2021-04-04,cdu_spd,0.1072
2021-04-04,spd_fdp_gruene,0.5426
2021-04-04,spd_gruene,0.0
2021-04-05,cdu_fdp,0.0002
2021-04-05,cdu_fdp_gruene,1.0
2021-04-05,cdu_gruene,0.625
2021-04-05,cdu_spd,0.1108
2021-04-05,spd_fdp_gruene,0.5366
2021-04-05,spd_gruene,0.0
2021-04-06,cdu_fdp,0.0001
2021-04-06,cdu_fdp_gruene,1.0
2021-04-06,cdu_gruene,0.5965
2021-04-06,cdu_spd,0.1081
2021-04-06,spd_fdp_gruene,0.5404
2021-04-06,spd_gruene,0.0
2021-04-07,cdu_fdp,0.0001
2021-04-07,cdu_fdp_gruene,1.0
2021-04-07,cdu_gruene,0.6402
2021-04-07,cdu_spd,0.0919
2021-04-07,spd_fdp_gruene,0.5677
2021-04-07,spd_gruene,0.0
2021-04-08,cdu_fdp,0.0001
2021-04-08,cdu_fdp_gruene,1.0
2021-04-08,cdu_gruene,0.6395
2021-04-08,cdu_spd,0.0924
2021-04-08,spd_fdp_gruene,0.5654
2021-04-08,spd_gruene,0.0
2021-04-09,cdu_fdp,0.0001
2021-04-09,cdu_fdp_gruene,1.0
2021-04-09,cdu_gruene,0.6379
2021-04-09,cdu_spd,0.0926
2021-04-09,spd_fdp_gruene,0.565
2021-04-09,spd_gruene,0.0
2021-04-10,cdu_fdp,0.0001
2021-04-10,cdu_fdp_gruene,1.0
2021-04-10,cdu_gruene,0.638
2021-04-10,cdu_spd,0.0953
2021-04-10,spd_fdp_gruene,0.5624
2021-04-10,spd_gruene,0.0
2021-04-11,cdu_fdp,0.0
2021-04-11,cdu_fdp_gruene,1.0
2021-04-11,cdu_gruene,0.65
2021-04-11,cdu_spd,0.081
2021-04-11,spd_fdp_gruene,0.513
2021-04-11,spd_gruene,0.0
2021-04-12,cdu_fdp,0.0
2021-04-12,cdu_fdp_gruene,1.0
2021-04-12,cdu_gruene,0.6499
2021-04-12,cdu_spd,0.0824
2021-04-12,spd_fdp_gruene,0.5112
2021-04-12,spd_gruene,0.0
2021-04-13,cdu_fdp,0.0
2021-04-13,cdu_fdp_gruene,1.0
2021-04-13,cdu_gruene,0.5815
2021-04-13,cdu_spd,0.0982
2021-04-13,spd_fdp_gruene,0.4917
2021-04-13,spd_gruene,0.0
2021-04-14,cdu_fdp,0.0
2021-04-14,cdu_fdp_gruene,1.0
2021-04-14,cdu_gruene,0.6394
2021-04-14,cdu_spd,0.0805
2021-04-14,spd_fdp_gruene,0.4859
2021-04-14,spd_gruene,0.0
2021-04-15,cdu_fdp,0.0
2021-04-15,cdu_fdp_gruene,1.0
2021-04-15,cdu_gruene,0.638
2021-04-15,cdu_spd,0.0768
2021-04-15,spd_fdp_gruene,0.4938
2021-04-15,spd_gruene,0.0
2021-04-16,cdu_fdp,0.0005
2021-04-16,cdu_fdp_gruene,1.0
2021-04-16,cdu_gruene,0.7291
2021-04-16,cdu_spd,0.1086
2021-04-16,spd_fdp_gruene,0.3342
2021-04-16,spd_gruene,0.0
2021-04-17,cdu_fdp,0.0003
2021-04-17,cdu_fdp_gruene,1.0
2021-04-17,cdu_gruene,0.7277
2021-04-17,cdu_spd,0.106
2021-04-17,spd_fdp_gruene,0.3477
2021-04-17,spd_gruene,0.0
2021-04-18,cdu_fdp,0.0003
2021-04-18,cdu_fdp_gruene,1.0
2021-04-18,cdu_gruene,0.7391
2021-04-18,cdu_spd,0.0995
2021-04-18,spd_fdp_gruene,0.3395
2021-04-18,spd_gruene,0.0
2021-04-19,cdu_fdp,0.0004
2021-04-19,cdu_fdp_gruene,1.0
2021-04-19,cdu_gruene,0.7372
2021-04-19,cdu_spd,0.0977
2021-04-19,spd_fdp_gruene,0.3458
2021-04-19,spd_gruene,0.0
2021-04-20,cdu_fdp,0.0004
2021-04-20,cdu_fdp_gruene,1.0
2021-04-20,cdu_gruene,0.7384
2021-04-20,cdu_spd,0.0978
2021-04-20,spd_fdp_gruene,0.6709999999999999
2021-04-20,spd_gruene,0.001
2021-04-21,cdu_fdp,0.0003
2021-04-21,cdu_fdp_gruene,1.0
2021-04-21,cdu_gruene,0.7292
2021-04-21,cdu_spd,0.0974
2021-04-21,spd_fdp_gruene,0.6508
2021-04-21,spd_gruene,0.0004
2021-04-22,cdu_fdp,0.0002
2021-04-22,cdu_fdp_gruene,1.0
2021-04-22,cdu_gruene,0.7238
2021-04-22,cdu_spd,0.1004
2021-04-22,spd_fdp_gruene,0.5513
2021-04-22,spd_gruene,0.0
2021-04-23,cdu_fdp,0.0002
2021-04-23,cdu_fdp_gruene,1.0
2021-04-23,cdu_gruene,0.7249
2021-04-23,cdu_spd,0.0982
2021-04-23,spd_fdp_gruene,0.5413
2021-04-23,spd_gruene,0.0
2021-04-24,cdu_fdp,0.0002
2021-04-24,cdu_fdp_gruene,1.0
2021-04-24,cdu_gruene,0.6621
2021-04-24,cdu_spd,0.0834
2021-04-24,spd_fdp_gruene,0.5893
2021-04-24,spd_gruene,0.0
2021-04-25,cdu_fdp,0.0
2021-04-25,cdu_fdp_gruene,1.0
2021-04-25,cdu_gruene,0.7313
2021-04-25,cdu_spd,0.0696
2021-04-25,spd_fdp_gruene,0.6092
2021-04-25,spd_gruene,0.0001
2021-04-26,cdu_fdp,0.0
2021-04-26,cdu_fdp_gruene,1.0
2021-04-26,cdu_gruene,0.7334
2021-04-26,cdu_spd,0.0711
2021-04-26,spd_fdp_gruene,0.6027
2021-04-26,spd_gruene,0.0001
2021-04-27,cdu_fdp,0.0002
2021-04-27,cdu_fdp_gruene,1.0
2021-04-27,cdu_gruene,0.5527
2021-04-27,cdu_spd,0.0433
2021-04-27,spd_fdp_gruene,0.7123
2021-04-27,spd_gruene,0.0
2021-04-28,cdu_fdp,0.0001
2021-04-28,cdu_fdp_gruene,1.0
2021-04-28,cdu_gruene,0.6093
2021-04-28,cdu_spd,0.0456
2021-04-28,spd_fdp_gruene,0.7629
2021-04-28,spd_gruene,0.0
2021-04-29,cdu_fdp,0.0002
2021-04-29,cdu_fdp_gruene,1.0
2021-04-29,cdu_gruene,0.6181
2021-04-29,cdu_spd,0.0466
2021-04-29,spd_fdp_gruene,0.7553
2021-04-29,spd_gruene,0.0
2021-04-30,cdu_fdp,0.0001
2021-04-30,cdu_fdp_gruene,1.0
2021-04-30,cdu_gruene,0.6381
2021-04-30,cdu_spd,0.0343
2021-04-30,spd_fdp_gruene,0.7733
2021-04-30,spd_gruene,0.0
2021-05-01,cdu_fdp,0.0001
2021-05-01,cdu_fdp_gruene,1.0
2021-05-01,cdu_gruene,0.6433
2021-05-01,cdu_spd,0.0356
2021-05-01,spd_fdp_gruene,0.7684
2021-05-01,spd_gruene,0.0
2021-05-02,cdu_fdp,0.0001
2021-05-02,cdu_fdp_gruene,1.0
2021-05-02,cdu_gruene,0.6759
2021-05-02,cdu_spd,0.0262
2021-05-02,spd_fdp_gruene,0.8031
2021-05-02,spd_gruene,0.0001
2021-05-03,cdu_fdp,0.0001
2021-05-03,cdu_fdp_gruene,1.0
2021-05-03,cdu_gruene,0.6773
2021-05-03,cdu_spd,0.0281
2021-05-03,spd_fdp_gruene,0.7966
2021-05-03,spd_gruene,0.0001
2021-05-04,cdu_fdp,0.0001
2021-05-04,cdu_fdp_gruene,1.0
2021-05-04,cdu_gruene,0.6184
2021-05-04,cdu_spd,0.0147
2021-05-04,spd_fdp_gruene,0.8438
2021-05-04,spd_gruene,0.0
2021-05-05,cdu_fdp,0.0
2021-05-05,cdu_fdp_gruene,1.0
2021-05-05,cdu_gruene,0.6961
2021-05-05,cdu_spd,0.0094
2021-05-05,spd_fdp_gruene,0.8702
2021-05-05,spd_gruene,0.0002
2021-05-06,cdu_fdp,0.0
2021-05-06,cdu_fdp_gruene,1.0
2021-05-06,cdu_gruene,0.6989
2021-05-06,cdu_spd,0.0104
2021-05-06,spd_fdp_gruene,0.8645
2021-05-06,spd_gruene,0.0002
2021-05-07,cdu_fdp,0.0
2021-05-07,cdu_fdp_gruene,1.0
2021-05-07,cdu_gruene,0.7664
2021-05-07,cdu_spd,0.0043
2021-05-07,spd_fdp_gruene,0.9054
2021-05-07,spd_gruene,0.0001
2021-05-08,cdu_fdp,0.0
2021-05-08,cdu_fdp_gruene,1.0
2021-05-08,cdu_gruene,0.7623
2021-05-08,cdu_spd,0.0049
2021-05-08,spd_fdp_gruene,0.9007
2021-05-08,spd_gruene,0.0001
2021-05-09,cdu_fdp,0.0
2021-05-09,cdu_fdp_gruene,1.0
2021-05-09,cdu_gruene,0.7431
2021-05-09,cdu_spd,0.0039
2021-05-09,spd_fdp_gruene,0.9164
2021-05-09,spd_gruene,0.0001
2021-05-10,cdu_fdp,0.0
2021-05-10,cdu_fdp_gruene,1.0
2021-05-10,cdu_gruene,0.7417
2021-05-10,cdu_spd,0.0044
2021-05-10,spd_fdp_gruene,0.9126
2021-05-10,spd_gruene,0.0001
2021-05-11,cdu_fdp,0.0
2021-05-11,cdu_fdp_gruene,1.0
2021-05-11,cdu_gruene,0.7011
2021-05-11,cdu_spd,0.0046
2021-05-11,spd_fdp_gruene,0.899
2021-05-11,spd_gruene,0.0001
2021-05-12,cdu_fdp,0.0
2021-05-12,cdu_fdp_gruene,1.0
2021-05-12,cdu_gruene,0.7398
2021-05-12,cdu_spd,0.003
2021-05-12,spd_fdp_gruene,0.9181
2021-05-12,spd_gruene,0.0006
2021-05-13,cdu_fdp,0.0
2021-05-13,cdu_fdp_gruene,1.0
2021-05-13,cdu_gruene,0.7173
2021-05-13,cdu_spd,0.0014
2021-05-13,spd_fdp_gruene,0.9375
2021-05-13,spd_gruene,0.0004
2021-05-14,cdu_fdp,0.0
2021-05-14,cdu_fdp_gruene,1.0
2021-05-14,cdu_gruene,0.7197
2021-05-14,cdu_spd,0.0016
2021-05-14,spd_fdp_gruene,0.935
2021-05-14,spd_gruene,0.0004
2021-05-15,cdu_fdp,0.0
2021-05-15,cdu_fdp_gruene,1.0
2021-05-15,cdu_gruene,0.6322
2021-05-15,cdu_spd,0.0021
2021-05-15,spd_fdp_gruene,0.9196
2021-05-15,spd_gruene,0.0002
2021-05-16,cdu_fdp,0.0
2021-05-16,cdu_fdp_gruene,1.0
2021-05-16,cdu_gruene,0.6158
2021-05-16,cdu_spd,0.0017
2021-05-16,spd_fdp_gruene,0.9228
2021-05-16,spd_gruene,0.0
2021-05-17,cdu_fdp,0.0
2021-05-17,cdu_fdp_gruene,1.0
2021-05-17,cdu_gruene,0.6198
2021-05-17,cdu_spd,0.0022
2021-05-17,spd_fdp_gruene,0.921
2021-05-17,spd_gruene,0.0001
2021-05-18,cdu_fdp,0.0
2021-05-18,cdu_fdp_gruene,1.0
2021-05-18,cdu_gruene,0.6183
2021-05-18,cdu_spd,0.0045
2021-05-18,spd_fdp_gruene,0.9293
2021-05-18,spd_gruene,0.0
2021-05-19,cdu_fdp,0.0
2021-05-19,cdu_fdp_gruene,1.0
2021-05-19,cdu_gruene,0.6666
2021-05-19,cdu_spd,0.0038
2021-05-19,spd_fdp_gruene,0.9389
2021-05-19,spd_gruene,0.0
2021-05-20,cdu_fdp,0.0
2021-05-20,cdu_fdp_gruene,1.0
2021-05-20,cdu_gruene,0.6714
2021-05-20,cdu_spd,0.0046
2021-05-20,spd_fdp_gruene,0.933
2021-05-20,spd_gruene,0.0
2021-05-21,cdu_fdp,0.0
2021-05-21,cdu_fdp_gruene,1.0
2021-05-21,cdu_gruene,0.7025
2021-05-21,cdu_spd,0.003
2021-05-21,spd_fdp_gruene,0.9209
2021-05-21,spd_gruene,0.0
2021-05-22,cdu_fdp,0.0
2021-05-22,cdu_fdp_gruene,1.0
2021-05-22,cdu_gruene,0.7009
2021-05-22,cdu_spd,0.0032
2021-05-22,spd_fdp_gruene,0.919
2021-05-22,spd_gruene,0.0
2021-05-23,cdu_fdp,0.0
2021-05-23,cdu_fdp_gruene,1.0
2021-05-23,cdu_gruene,0.628
2021-05-23,cdu_spd,0.0022
2021-05-23,spd_fdp_gruene,0.9354
2021-05-23,spd_gruene,0.0
2021-05-24,cdu_fdp,0.0
2021-05-24,cdu_fdp_gruene,1.0
2021-05-24,cdu_gruene,0.6316
2021-05-24,cdu_spd,0.0027
2021-05-24,spd_fdp_gruene,0.9341
2021-05-24,spd_gruene,0.0
2021-05-25,cdu_fdp,0.0
2021-05-25,cdu_fdp_gruene,1.0
2021-05-25,cdu_gruene,0.6334
2021-05-25,cdu_spd,0.0027
2021-05-25,spd_fdp_gruene,0.9343
2021-05-25,spd_gruene,0.0
2021-05-26,cdu_fdp,0.0
2021-05-26,cdu_fdp_gruene,1.0
2021-05-26,cdu_gruene,0.6063
2021-05-26,cdu_spd,0.0045
2021-05-26,spd_fdp_gruene,0.9361
2021-05-26,spd_gruene,0.0
2021-05-27,cdu_fdp,0.0
2021-05-27,cdu_fdp_gruene,1.0
2021-05-27,cdu_gruene,0.6058
2021-05-27,cdu_spd,0.0046
2021-05-27,spd_fdp_gruene,0.9156
2021-05-27,spd_gruene,0.0
2021-05-28,cdu_fdp,0.0
2021-05-28,cdu_fdp_gruene,1.0
2021-05-28,cdu_gruene,0.5820000000000001
2021-05-28,cdu_spd,0.0041
2021-05-28,spd_fdp_gruene,0.8591
2021-05-28,spd_gruene,0.0
2021-05-29,cdu_fdp,0.0
2021-05-29,cdu_fdp_gruene,1.0
2021-05-29,cdu_gruene,0.5849
2021-05-29,cdu_spd,0.0041
2021-05-29,spd_fdp_gruene,0.8603
2021-05-29,spd_gruene,0.0
2021-05-30,cdu_fdp,0.0
2021-05-30,cdu_fdp_gruene,1.0
2021-05-30,cdu_gruene,0.5202
2021-05-30,cdu_spd,0.0039
2021-05-30,spd_fdp_gruene,0.8745
2021-05-30,spd_gruene,0.0
2021-05-31,cdu_fdp,0.0
2021-05-31,cdu_fdp_gruene,1.0
2021-05-31,cdu_gruene,0.5265
2021-05-31,cdu_spd,0.0036
2021-05-31,spd_fdp_gruene,0.8766
2021-05-31,spd_gruene,0.0
2021-06-01,cdu_fdp,0.0
2021-06-01,cdu_fdp_gruene,1.0
2021-06-01,cdu_gruene,0.4807
2021-06-01,cdu_spd,0.0042
2021-06-01,spd_fdp_gruene,0.8957
2021-06-01,spd_gruene,0.0
2021-06-02,cdu_fdp,0.0002
2021-06-02,cdu_fdp_gruene,1.0
2021-06-02,cdu_gruene,0.5313
2021-06-02,cdu_spd,0.0034
2021-06-02,spd_fdp_gruene,0.9131
2021-06-02,spd_gruene,0.0
2021-06-03,cdu_fdp,0.0002
2021-06-03,cdu_fdp_gruene,1.0
2021-06-03,cdu_gruene,0.5343
2021-06-03,cdu_spd,0.0034
2021-06-03,spd_fdp_gruene,0.9128
2021-06-03,spd_gruene,0.0
2021-06-04,cdu_fdp,0.0002
2021-06-04,cdu_fdp_gruene,1.0
2021-06-04,cdu_gruene,0.5374
2021-06-04,cdu_spd,0.0035
2021-06-04,spd_fdp_gruene,0.9133
2021-06-04,spd_gruene,0.0
2021-06-05,cdu_fdp,0.0
2021-06-05,cdu_fdp_gruene,1.0
2021-06-05,cdu_gruene,0.5037
2021-06-05,cdu_spd,0.0033
2021-06-05,spd_fdp_gruene,0.925
2021-06-05,spd_gruene,0.0
2021-06-06,cdu_fdp,0.0001
2021-06-06,cdu_fdp_gruene,1.0
2021-06-06,cdu_gruene,0.4711
2021-06-06,cdu_spd,0.0082
2021-06-06,spd_fdp_gruene,0.9156
2021-06-06,spd_gruene,0.0
2021-06-07,cdu_fdp,0.0001
2021-06-07,cdu_fdp_gruene,1.0
2021-06-07,cdu_gruene,0.4752
2021-06-07,cdu_spd,0.0082
2021-06-07,spd_fdp_gruene,0.9158
2021-06-07,spd_gruene,0.0
2021-06-08,cdu_fdp,0.0
2021-06-08,cdu_fdp_gruene,1.0
2021-06-08,cdu_gruene,0.4262
2021-06-08,cdu_spd,0.0107
2021-06-08,spd_fdp_gruene,0.8817
2021-06-08,spd_gruene,0.0
2021-06-09,cdu_fdp,0.0005
2021-06-09,cdu_fdp_gruene,1.0
2021-06-09,cdu_gruene,0.4881
2021-06-09,cdu_spd,0.0091
2021-06-09,spd_fdp_gruene,0.8983
2021-06-09,spd_gruene,0.0
2021-06-10,cdu_fdp,0.0003
2021-06-10,cdu_fdp_gruene,1.0
2021-06-10,cdu_gruene,0.4918
2021-06-10,cdu_spd,0.0088
2021-06-10,spd_fdp_gruene,0.8997
2021-06-10,spd_gruene,0.0
2021-06-11,cdu_fdp,0.0003
2021-06-11,cdu_fdp_gruene,1.0
2021-06-11,cdu_gruene,0.5757
2021-06-11,cdu_spd,0.0183
2021-06-11,spd_fdp_gruene,0.7011
2021-06-11,spd_gruene,0.0
2021-06-12,cdu_fdp,0.0003
2021-06-12,cdu_fdp_gruene,1.0
2021-06-12,cdu_gruene,0.5757
2021-06-12,cdu_spd,0.0183
2021-06-12,spd_fdp_gruene,0.7011
2021-06-12,spd_gruene,0.0
2021-06-13,cdu_fdp,0.0003
2021-06-13,cdu_fdp_gruene,1.0
2021-06-13,cdu_gruene,0.5061
2021-06-13,cdu_spd,0.0217
2021-06-13,spd_fdp_gruene,0.7342
2021-06-13,spd_gruene,0.0
2021-06-14,cdu_fdp,0.0003
2021-06-14,cdu_fdp_gruene,1.0
2021-06-14,cdu_gruene,0.5035
2021-06-14,cdu_spd,0.0206
2021-06-14,spd_fdp_gruene,0.7408
2021-06-14,spd_gruene,0.0
2021-06-15,cdu_fdp,0.0007
2021-06-15,cdu_fdp_gruene,1.0
2021-06-15,cdu_gruene,0.4507
2021-06-15,cdu_spd,0.037000000000000005
2021-06-15,spd_fdp_gruene,0.7684
2021-06-15,spd_gruene,0.0
2021-06-16,cdu_fdp,0.0018
2021-06-16,cdu_fdp_gruene,1.0
2021-06-16,cdu_gruene,0.5076
2021-06-16,cdu_spd,0.0334
2021-06-16,spd_fdp_gruene,0.7737
2021-06-16,spd_gruene,0.0
2021-06-17,cdu_fdp,0.0016
2021-06-17,cdu_fdp_gruene,1.0
2021-06-17,cdu_gruene,0.5111
2021-06-17,cdu_spd,0.0326
2021-06-17,spd_fdp_gruene,0.7737
2021-06-17,spd_gruene,0.0
2021-06-18,cdu_fdp,0.0009
2021-06-18,cdu_fdp_gruene,1.0
2021-06-18,cdu_gruene,0.495
2021-06-18,cdu_spd,0.0423
2021-06-18,spd_fdp_gruene,0.7775
2021-06-18,spd_gruene,0.0
2021-06-19,cdu_fdp,0.0009
2021-06-19,cdu_fdp_gruene,1.0
2021-06-19,cdu_gruene,0.4968
2021-06-19,cdu_spd,0.0415
2021-06-19,spd_fdp_gruene,0.7791
2021-06-19,spd_gruene,0.0
2021-06-20,cdu_fdp,0.0018
2021-06-20,cdu_fdp_gruene,1.0
2021-06-20,cdu_gruene,0.5021
2021-06-20,cdu_spd,0.0489
2021-06-20,spd_fdp_gruene,0.7761
2021-06-20,spd_gruene,0.0
2021-06-21,cdu_fdp,0.0017
2021-06-21,cdu_fdp_gruene,1.0
2021-06-21,cdu_gruene,0.5046
2021-06-21,cdu_spd,0.048
2021-06-21,spd_fdp_gruene,0.7769
2021-06-21,spd_gruene,0.0
2021-06-22,cdu_fdp,0.0026
2021-06-22,cdu_fdp_gruene,1.0
2021-06-22,cdu_gruene,0.4408
2021-06-22,cdu_spd,0.0527
2021-06-22,spd_fdp_gruene,0.7038
2021-06-22,spd_gruene,0.0
2021-06-23,cdu_fdp,0.0035
2021-06-23,cdu_fdp_gruene,1.0
2021-06-23,cdu_gruene,0.5116
2021-06-23,cdu_spd,0.0587
2021-06-23,spd_fdp_gruene,0.7204
2021-06-23,spd_gruene,0.0
2021-06-24,cdu_fdp,0.0033
2021-06-24,cdu_fdp_gruene,1.0
2021-06-24,cdu_gruene,0.5128
2021-06-24,cdu_spd,0.0578
2021-06-24,spd_fdp_gruene,0.7227
2021-06-24,spd_gruene,0.0
2021-06-25,cdu_fdp,0.0011
2021-06-25,cdu_fdp_gruene,1.0
2021-06-25,cdu_gruene,0.67
2021-06-25,cdu_spd,0.0595
2021-06-25,spd_fdp_gruene,0.5807
2021-06-25,spd_gruene,0.0
2021-06-26,cdu_fdp,0.0005
2021-06-26,cdu_fdp_gruene,1.0
2021-06-26,cdu_gruene,0.6498
2021-06-26,cdu_spd,0.071
2021-06-26,spd_fdp_gruene,0.5937
2021-06-26,spd_gruene,0.0
2021-06-27,cdu_fdp,0.0005
2021-06-27,cdu_fdp_gruene,1.0
2021-06-27,cdu_gruene,0.5841
2021-06-27,cdu_spd,0.0841
2021-06-27,spd_fdp_gruene,0.5947
2021-06-27,spd_gruene,0.0
2021-06-28,cdu_fdp,0.0005
2021-06-28,cdu_fdp_gruene,1.0
2021-06-28,cdu_gruene,0.5799
2021-06-28,cdu_spd,0.0831
2021-06-28,spd_fdp_gruene,0.6011
2021-06-28,spd_gruene,0.0
2021-06-29,cdu_fdp,0.0006
2021-06-29,cdu_fdp_gruene,1.0
2021-06-29,cdu_gruene,0.5395
2021-06-29,cdu_spd,0.0912
2021-06-29,spd_fdp_gruene,0.5098
2021-06-29,spd_gruene,0.0
2021-06-30,cdu_fdp,0.0029
2021-06-30,cdu_fdp_gruene,1.0
2021-06-30,cdu_gruene,0.5981
2021-06-30,cdu_spd,0.0933
2021-06-30,spd_fdp_gruene,0.5024
2021-06-30,spd_gruene,0.0
2021-07-01,cdu_fdp,0.0029
2021-07-01,cdu_fdp_gruene,1.0
2021-07-01,cdu_gruene,0.5986
2021-07-01,cdu_spd,0.0912
2021-07-01,spd_fdp_gruene,0.5099
2021-07-01,spd_gruene,0.0
2021-07-02,cdu_fdp,0.0016
2021-07-02,cdu_fdp_gruene,1.0
2021-07-02,cdu_gruene,0.6065
2021-07-02,cdu_spd,0.0971
2021-07-02,spd_fdp_gruene,0.4302
2021-07-02,spd_gruene,0.0
2021-07-03,cdu_fdp,0.0013
2021-07-03,cdu_fdp_gruene,1.0
2021-07-03,cdu_gruene,0.5839
2021-07-03,cdu_spd,0.1006
2021-07-03,spd_fdp_gruene,0.4319
2021-07-03,spd_gruene,0.0
2021-07-04,cdu_fdp,0.0016
2021-07-04,cdu_fdp_gruene,1.0
2021-07-04,cdu_gruene,0.5576
2021-07-04,cdu_spd,0.1145
2021-07-04,spd_fdp_gruene,0.4597
2021-07-04,spd_gruene,0.0
2021-07-05,cdu_fdp,0.0016
2021-07-05,cdu_fdp_gruene,1.0
2021-07-05,cdu_gruene,0.5575
2021-07-05,cdu_spd,0.1136
2021-07-05,spd_fdp_gruene,0.4605
2021-07-05,spd_gruene,0.0
2021-07-06,cdu_fdp,0.0013
2021-07-06,cdu_fdp_gruene,1.0
2021-07-06,cdu_gruene,0.5577
2021-07-06,cdu_spd,0.113
2021-07-06,spd_fdp_gruene,0.4651
2021-07-06,spd_gruene,0.0
2021-07-07,cdu_fdp,0.0024
2021-07-07,cdu_fdp_gruene,1.0
2021-07-07,cdu_gruene,0.5569
2021-07-07,cdu_spd,0.1525
2021-07-07,spd_fdp_gruene,0.4234
2021-07-07,spd_gruene,0.0
2021-07-08,cdu_fdp,0.0024
2021-07-08,cdu_fdp_gruene,1.0
2021-07-08,cdu_gruene,0.5578
2021-07-08,cdu_spd,0.1497
2021-07-08,spd_fdp_gruene,0.4228
2021-07-08,spd_gruene,0.0
2021-07-09,cdu_fdp,0.0024
2021-07-09,cdu_fdp_gruene,1.0
2021-07-09,cdu_gruene,0.5589999999999999
2021-07-09,cdu_spd,0.1469
2021-07-09,spd_fdp_gruene,0.4279
2021-07-09,spd_gruene,0.0
2021-07-10,cdu_fdp,0.0011
2021-07-10,cdu_fdp_gruene,1.0
2021-07-10,cdu_gruene,0.5451
2021-07-10,cdu_spd,0.1409
2021-07-10,spd_fdp_gruene,0.3869
2021-07-10,spd_gruene,0.0
2021-07-11,cdu_fdp,0.0012
2021-07-11,cdu_fdp_gruene,1.0
2021-07-11,cdu_gruene,0.4466
2021-07-11,cdu_spd,0.1506
2021-07-11,spd_fdp_gruene,0.3735
2021-07-11,spd_gruene,0.0
2021-07-12,cdu_fdp,0.0013
2021-07-12,cdu_fdp_gruene,1.0
2021-07-12,cdu_gruene,0.4538
2021-07-12,cdu_spd,0.1489
2021-07-12,spd_fdp_gruene,0.3759
2021-07-12,spd_gruene,0.0
2021-07-13,cdu_fdp,0.0013
2021-07-13,cdu_fdp_gruene,1.0
2021-07-13,cdu_gruene,0.3724
2021-07-13,cdu_spd,0.1661
2021-07-13,spd_fdp_gruene,0.3909
2021-07-13,spd_gruene,0.0
2021-07-14,cdu_fdp,0.0013
2021-07-14,cdu_fdp_gruene,1.0
2021-07-14,cdu_gruene,0.3835
2021-07-14,cdu_spd,0.1634
2021-07-14,spd_fdp_gruene,0.3865
2021-07-14,spd_gruene,0.0
2021-07-15,cdu_fdp,0.0023
2021-07-15,cdu_fdp_gruene,1.0
2021-07-15,cdu_gruene,0.4506
2021-07-15,cdu_spd,0.1727
2021-07-15,spd_fdp_gruene,0.371
2021-07-15,spd_gruene,0.0
2021-07-16,cdu_fdp,0.0011
2021-07-16,cdu_fdp_gruene,1.0
2021-07-16,cdu_gruene,0.5631
2021-07-16,cdu_spd,0.173
2021-07-16,spd_fdp_gruene,0.3034
2021-07-16,spd_gruene,0.0
2021-07-17,cdu_fdp,0.0012
2021-07-17,cdu_fdp_gruene,1.0
2021-07-17,cdu_gruene,0.5578
2021-07-17,cdu_spd,0.1714
2021-07-17,spd_fdp_gruene,0.3097
2021-07-17,spd_gruene,0.0
2021-07-18,cdu_fdp,0.0006
2021-07-18,cdu_fdp_gruene,1.0
2021-07-18,cdu_gruene,0.5053
2021-07-18,cdu_spd,0.1717
2021-07-18,spd_fdp_gruene,0.3335
2021-07-18,spd_gruene,0.0
2021-07-19,cdu_fdp,0.0007
2021-07-19,cdu_fdp_gruene,1.0
2021-07-19,cdu_gruene,0.505
2021-07-19,cdu_spd,0.1699
2021-07-19,spd_fdp_gruene,0.337
2021-07-19,spd_gruene,0.0
2021-07-20,cdu_fdp,0.0017
2021-07-20,cdu_fdp_gruene,1.0
2021-07-20,cdu_gruene,0.4920000000000001
2021-07-20,cdu_spd,0.2087
2021-07-20,spd_fdp_gruene,0.3338
2021-07-20,spd_gruene,0.0
2021-07-21,cdu_fdp,0.0013
2021-07-21,cdu_fdp_gruene,1.0
2021-07-21,cdu_gruene,0.4893
2021-07-21,cdu_spd,0.1922
2021-07-21,spd_fdp_gruene,0.3691
2021-07-21,spd_gruene,0.0
2021-07-22,cdu_fdp,0.0013
2021-07-22,cdu_fdp_gruene,1.0
2021-07-22,cdu_gruene,0.4914
2021-07-22,cdu_spd,0.1902
2021-07-22,spd_fdp_gruene,0.3675
2021-07-22,spd_gruene,0.0
2021-07-23,cdu_fdp,0.0014
2021-07-23,cdu_fdp_gruene,1.0
2021-07-23,cdu_gruene,0.5109
2021-07-23,cdu_spd,0.1904
2021-07-23,spd_fdp_gruene,0.4135
2021-07-23,spd_gruene,0.0
2021-07-24,cdu_fdp,0.0012
2021-07-24,cdu_fdp_gruene,1.0
2021-07-24,cdu_gruene,0.5081
2021-07-24,cdu_spd,0.1894
2021-07-24,spd_fdp_gruene,0.4105
2021-07-24,spd_gruene,0.0
2021-07-25,cdu_fdp,0.0006
2021-07-25,cdu_fdp_gruene,1.0
2021-07-25,cdu_gruene,0.4186
2021-07-25,cdu_spd,0.1708
2021-07-25,spd_fdp_gruene,0.4562
2021-07-25,spd_gruene,0.0
2021-07-26,cdu_fdp,0.0006
2021-07-26,cdu_fdp_gruene,1.0
2021-07-26,cdu_gruene,0.423
2021-07-26,cdu_spd,0.1722
2021-07-26,spd_fdp_gruene,0.4504
2021-07-26,spd_gruene,0.0
2021-07-27,cdu_fdp,0.001
2021-07-27,cdu_fdp_gruene,1.0
2021-07-27,cdu_gruene,0.3344
2021-07-27,cdu_spd,0.1625
2021-07-27,spd_fdp_gruene,0.5076
2021-07-27,spd_gruene,0.0
2021-07-28,cdu_fdp,0.0012
2021-07-28,cdu_fdp_gruene,1.0
2021-07-28,cdu_gruene,0.3883
2021-07-28,cdu_spd,0.1482
2021-07-28,spd_fdp_gruene,0.5224
2021-07-28,spd_gruene,0.0
2021-07-29,cdu_fdp,0.0013
2021-07-29,cdu_fdp_gruene,1.0
2021-07-29,cdu_gruene,0.4008
2021-07-29,cdu_spd,0.152
2021-07-29,spd_fdp_gruene,0.514
2021-07-29,spd_gruene,0.0
2021-07-30,cdu_fdp,0.0014
2021-07-30,cdu_fdp_gruene,1.0
2021-07-30,cdu_gruene,0.4037
2021-07-30,cdu_spd,0.1521
2021-07-30,spd_fdp_gruene,0.5095
2021-07-30,spd_gruene,0.0
2021-07-31,cdu_fdp,0.0015
2021-07-31,cdu_fdp_gruene,1.0
2021-07-31,cdu_gruene,0.4108
2021-07-31,cdu_spd,0.1413
2021-07-31,spd_fdp_gruene,0.4874
2021-07-31,spd_gruene,0.0
2021-08-01,cdu_fdp,0.0012
2021-08-01,cdu_fdp_gruene,1.0
2021-08-01,cdu_gruene,0.3797
2021-08-01,cdu_spd,0.1371
2021-08-01,spd_fdp_gruene,0.5052
2021-08-01,spd_gruene,0.0
2021-08-02,cdu_fdp,0.001
2021-08-02,cdu_fdp_gruene,1.0
2021-08-02,cdu_gruene,0.3803
2021-08-02,cdu_spd,0.1403
2021-08-02,spd_fdp_gruene,0.5042
2021-08-02,spd_gruene,0.0
2021-08-03,cdu_fdp,0.0003
2021-08-03,cdu_fdp_gruene,1.0
2021-08-03,cdu_gruene,0.3118
2021-08-03,cdu_spd,0.1523
2021-08-03,spd_fdp_gruene,0.5551
2021-08-03,spd_gruene,0.0
2021-08-04,cdu_fdp,0.0007
2021-08-04,cdu_fdp_gruene,1.0
2021-08-04,cdu_gruene,0.3264
2021-08-04,cdu_spd,0.133
2021-08-04,spd_fdp_gruene,0.6041
2021-08-04,spd_gruene,0.0
2021-08-05,cdu_fdp,0.0006
2021-08-05,cdu_fdp_gruene,1.0
2021-08-05,cdu_gruene,0.3323
2021-08-05,cdu_spd,0.1339
2021-08-05,spd_fdp_gruene,0.5989
2021-08-05,spd_gruene,0.0
2021-08-06,cdu_fdp,0.0011
2021-08-06,cdu_fdp_gruene,1.0
2021-08-06,cdu_gruene,0.2988
2021-08-06,cdu_spd,0.1423
2021-08-06,spd_fdp_gruene,0.6924
2021-08-06,spd_gruene,0.0
2021-08-07,cdu_fdp,0.0011
2021-08-07,cdu_fdp_gruene,1.0
2021-08-07,cdu_gruene,0.3031
2021-08-07,cdu_spd,0.1412
2021-08-07,spd_fdp_gruene,0.6856
2021-08-07,spd_gruene,0.0
2021-08-08,cdu_fdp,0.0003
2021-08-08,cdu_fdp_gruene,1.0
2021-08-08,cdu_gruene,0.2652
2021-08-08,cdu_spd,0.1414
2021-08-08,spd_fdp_gruene,0.6887
2021-08-08,spd_gruene,0.0
2021-08-09,cdu_fdp,0.0003
2021-08-09,cdu_fdp_gruene,1.0
2021-08-09,cdu_gruene,0.2673
2021-08-09,cdu_spd,0.1419
2021-08-09,spd_fdp_gruene,0.6839
2021-08-09,spd_gruene,0.0
2021-08-11,cdu_fdp,0.0005
2021-08-11,cdu_fdp_gruene,0.9998
2021-08-11,cdu_gruene,0.1804
2021-08-11,cdu_spd,0.1151
2021-08-11,spd_fdp_gruene,0.7521
2021-08-11,spd_gruene,0.0
2021-08-12,cdu_fdp,0.0006
2021-08-12,cdu_fdp_gruene,0.9998
2021-08-12,cdu_gruene,0.1652
2021-08-12,cdu_spd,0.1048
2021-08-12,spd_fdp_gruene,0.7856
2021-08-12,spd_gruene,0.0001
2021-08-13,cdu_fdp,0.0005
2021-08-13,cdu_fdp_gruene,1.0
2021-08-13,cdu_gruene,0.1587
2021-08-13,cdu_spd,0.1246
2021-08-13,spd_fdp_gruene,0.7849
2021-08-13,spd_gruene,0.0
2021-08-14,cdu_fdp,0.0005
2021-08-14,cdu_fdp_gruene,0.9999
2021-08-14,cdu_gruene,0.1625
2021-08-14,cdu_spd,0.1251
2021-08-14,spd_fdp_gruene,0.7788
2021-08-14,spd_gruene,0.0001
2021-08-15,cdu_fdp,0.0006
2021-08-15,cdu_fdp_gruene,0.9998
2021-08-15,cdu_gruene,0.1361
2021-08-15,cdu_spd,0.1337
2021-08-15,spd_fdp_gruene,0.7986
2021-08-15,spd_gruene,0.0
2021-08-17,cdu_fdp,0.0002
2021-08-17,cdu_fdp_gruene,0.9998
2021-08-17,cdu_gruene,0.1044
2021-08-17,cdu_spd,0.157
2021-08-17,spd_fdp_gruene,0.831
2021-08-17,spd_gruene,0.0
2021-08-18,cdu_fdp,0.0002
2021-08-18,cdu_fdp_gruene,0.9998
2021-08-18,cdu_gruene,0.0894
2021-08-18,cdu_spd,0.1563
2021-08-18,spd_fdp_gruene,0.8549
2021-08-18,spd_gruene,0.0001
2021-08-19,cdu_fdp,0.0002
2021-08-19,cdu_fdp_gruene,0.9991
2021-08-19,cdu_gruene,0.0759
2021-08-19,cdu_spd,0.1418
2021-08-19,spd_fdp_gruene,0.8803
2021-08-19,spd_gruene,0.0003
2021-08-20,cdu_fdp,0.0001
2021-08-20,cdu_fdp_gruene,0.998
2021-08-20,cdu_gruene,0.0603
2021-08-20,cdu_spd,0.153
2021-08-20,spd_fdp_gruene,0.8892
2021-08-20,spd_gruene,0.0
2021-08-21,cdu_fdp,0.0
2021-08-21,cdu_fdp_gruene,0.9982
2021-08-21,cdu_gruene,0.0651
2021-08-21,cdu_spd,0.1518
2021-08-21,spd_fdp_gruene,0.8839
2021-08-21,spd_gruene,0.0
2021-08-22,cdu_fdp,0.0
2021-08-22,cdu_fdp_gruene,0.993
2021-08-22,cdu_gruene,0.0588
2021-08-22,cdu_spd,0.1431
2021-08-22,spd_fdp_gruene,0.905
2021-08-22,spd_gruene,0.0
2021-08-23,cdu_fdp,0.0
2021-08-23,cdu_fdp_gruene,0.9934
2021-08-23,cdu_gruene,0.0626
2021-08-23,cdu_spd,0.14300000000000002
2021-08-23,spd_fdp_gruene,0.9013
2021-08-23,spd_gruene,0.0
2021-08-24,cdu_fdp,0.0001
2021-08-24,cdu_fdp_gruene,0.9891
2021-08-24,cdu_gruene,0.032
2021-08-24,cdu_spd,0.189
2021-08-24,spd_fdp_gruene,0.9415
2021-08-24,spd_gruene,0.0002
2021-08-25,cdu_fdp,0.0001
2021-08-25,cdu_fdp_gruene,0.99
2021-08-25,cdu_gruene,0.0305
2021-08-25,cdu_spd,0.1819
2021-08-25,spd_fdp_gruene,0.9402
2021-08-25,spd_gruene,0.0002
2021-08-26,cdu_fdp,0.0002
2021-08-26,cdu_fdp_gruene,0.9896
2021-08-26,cdu_gruene,0.027000000000000003
2021-08-26,cdu_spd,0.1889
2021-08-26,spd_fdp_gruene,0.9535
2021-08-26,spd_gruene,0.0004
2021-08-27,cdu_fdp,0.0
2021-08-27,cdu_fdp_gruene,0.9814
2021-08-27,cdu_gruene,0.0278
2021-08-27,cdu_spd,0.1866
2021-08-27,spd_fdp_gruene,0.9716
2021-08-27,spd_gruene,0.0016
2021-08-28,cdu_fdp,0.0001
2021-08-28,cdu_fdp_gruene,0.9823
2021-08-28,cdu_gruene,0.0287
2021-08-28,cdu_spd,0.1841
2021-08-28,spd_fdp_gruene,0.9688
2021-08-28,spd_gruene,0.0011
2021-08-29,cdu_fdp,0.0001
2021-08-29,cdu_fdp_gruene,0.9794
2021-08-29,cdu_gruene,0.021
2021-08-29,cdu_spd,0.1901
2021-08-29,spd_fdp_gruene,0.9729
2021-08-29,spd_gruene,0.0012
2021-08-30,cdu_fdp,0.0
2021-08-30,cdu_fdp_gruene,0.9838
2021-08-30,cdu_gruene,0.0231
2021-08-30,cdu_spd,0.2619
2021-08-30,spd_fdp_gruene,0.9689
2021-08-30,spd_gruene,0.0009
2021-08-31,cdu_fdp,0.0
2021-08-31,cdu_fdp_gruene,0.9621
2021-08-31,cdu_gruene,0.0235
2021-08-31,cdu_spd,0.2148
2021-08-31,spd_fdp_gruene,0.9752
2021-08-31,spd_gruene,0.001
2021-09-01,cdu_fdp,0.0
2021-09-01,cdu_fdp_gruene,0.9156
2021-09-01,cdu_gruene,0.0131
2021-09-01,cdu_spd,0.2652
2021-09-01,spd_fdp_gruene,0.9876
2021-09-01,spd_gruene,0.004
2021-09-02,cdu_fdp,0.0
2021-09-02,cdu_fdp_gruene,0.9558
2021-09-02,cdu_gruene,0.0121
2021-09-02,cdu_spd,0.2217
2021-09-02,spd_fdp_gruene,0.9879
2021-09-02,spd_gruene,0.0028
2021-09-03,cdu_fdp,0.0
2021-09-03,cdu_fdp_gruene,0.9143
2021-09-03,cdu_gruene,0.0051
2021-09-03,cdu_spd,0.2889
2021-09-03,spd_fdp_gruene,0.9923
2021-09-03,spd_gruene,0.0029
2021-09-04,cdu_fdp,0.0
2021-09-04,cdu_fdp_gruene,0.9143
2021-09-04,cdu_gruene,0.0051
2021-09-04,cdu_spd,0.2889
2021-09-04,spd_fdp_gruene,0.9923
2021-09-04,spd_gruene,0.0029
2021-09-05,cdu_fdp,0.0
2021-09-05,cdu_fdp_gruene,0.9143
2021-09-05,cdu_gruene,0.0051
2021-09-05,cdu_spd,0.2889
2021-09-05,spd_fdp_gruene,0.9923
2021-09-05,spd_gruene,0.0029
2021-09-06,cdu_fdp,0.0
2021-09-06,cdu_fdp_gruene,0.8741
2021-09-06,cdu_gruene,0.0035
2021-09-06,cdu_spd,0.2973
2021-09-06,spd_fdp_gruene,0.9955
2021-09-06,spd_gruene,0.0011
2021-09-07,cdu_fdp,0.0
2021-09-07,cdu_fdp_gruene,0.8813
2021-09-07,cdu_gruene,0.0025
2021-09-07,cdu_spd,0.2759
2021-09-07,spd_fdp_gruene,0.9957
2021-09-07,spd_gruene,0.0024
2021-09-08,cdu_fdp,0.0
2021-09-08,cdu_fdp_gruene,0.8943
2021-09-08,cdu_gruene,0.0024
2021-09-08,cdu_spd,0.3055
2021-09-08,spd_fdp_gruene,0.9966
2021-09-08,spd_gruene,0.0009
2021-09-09,cdu_fdp,0.0
2021-09-09,cdu_fdp_gruene,0.8387
2021-09-09,cdu_gruene,0.0022
2021-09-09,cdu_spd,0.4412
2021-09-09,spd_fdp_gruene,0.9977
2021-09-09,spd_gruene,0.0015
2021-09-10,cdu_fdp,0.0
2021-09-10,cdu_fdp_gruene,0.8429
2021-09-10,cdu_gruene,0.0014
2021-09-10,cdu_spd,0.4604
2021-09-10,spd_fdp_gruene,0.9976
2021-09-10,spd_gruene,0.0015
2021-09-11,cdu_fdp,0.0
2021-09-11,cdu_fdp_gruene,0.8463
2021-09-11,cdu_gruene,0.0017
2021-09-11,cdu_spd,0.4548
2021-09-11,spd_fdp_gruene,0.9974
2021-09-11,spd_gruene,0.0015
